scaling_factor,dataset:0,dataset:1,dataset:2,dataset:3,glue-cola,glue-mnli,glue-mrpc,glue-qqp,glue-rte,glue-sst2,glue-stsb
0.0,glue-cola,glue-mnli,glue-mrpc,glue-qqp,0.0,0.0,0.0,0.0,0.0,0.0,
0.05,glue-cola,glue-mnli,glue-mrpc,glue-qqp,0.0,0.0,0.0,0.0,0.0,0.0,
0.1,glue-cola,glue-mnli,glue-mrpc,glue-qqp,0.0,0.0,0.0,0.0,0.0,0.0,
0.15000000000000002,glue-cola,glue-mnli,glue-mrpc,glue-qqp,0.012464046021093002,0.0,0.0,0.0,0.0,0.0,
0.2,glue-cola,glue-mnli,glue-mrpc,glue-qqp,0.26462128475551294,0.0,0.0024509803921568627,0.0,0.0,0.006880733944954129,
0.25,glue-cola,glue-mnli,glue-mrpc,glue-qqp,0.5781399808245445,0.00375,0.09558823529411764,0.009375,0.0,0.0779816513761468,
0.30000000000000004,glue-cola,glue-mnli,glue-mrpc,glue-qqp,0.6203259827420902,0.023125,0.4534313725490196,0.164375,0.0,0.02408256880733945,
0.35000000000000003,glue-cola,glue-mnli,glue-mrpc,glue-qqp,0.6241610738255033,0.09875,0.5808823529411765,0.34375,0.007220216606498195,0.0011467889908256881,
0.4,glue-cola,glue-mnli,glue-mrpc,glue-qqp,0.5934803451581975,0.18875,0.625,0.435625,0.007220216606498195,0.0,
0.45,glue-cola,glue-mnli,glue-mrpc,glue-qqp,0.5647171620325983,0.19375,0.6544117647058824,0.47125,0.0,0.0,
0.5,glue-cola,glue-mnli,glue-mrpc,glue-qqp,0.5263662511984659,0.174375,0.6617647058823529,0.471875,0.0,0.0,
0.55,glue-cola,glue-mnli,glue-mrpc,glue-qqp,0.47171620325982744,0.155625,0.6691176470588235,0.46625,0.0,0.0,
0.6000000000000001,glue-cola,glue-mnli,glue-mrpc,glue-qqp,0.39213806327900286,0.135625,0.6813725490196079,0.45125,0.0,0.0,
0.65,glue-cola,glue-mnli,glue-mrpc,glue-qqp,0.311601150527325,0.11,0.6911764705882353,0.441875,0.0,0.0,
0.7000000000000001,glue-cola,glue-mnli,glue-mrpc,glue-qqp,0.24256951102588686,0.073125,0.7058823529411765,0.440625,0.0,0.0,
0.75,glue-cola,glue-mnli,glue-mrpc,glue-qqp,0.2080536912751678,0.0275,0.7205882352941176,0.45875,0.0,0.0,
0.8,glue-cola,glue-mnli,glue-mrpc,glue-qqp,0.17353787152444872,0.003125,0.7132352941176471,0.478125,0.0,0.0,
0.8500000000000001,glue-cola,glue-mnli,glue-mrpc,glue-qqp,0.15436241610738255,0.000625,0.7205882352941176,0.5075,0.0,0.0,
0.9,glue-cola,glue-mnli,glue-mrpc,glue-qqp,0.13998082454458294,0.000625,0.7230392156862745,0.52625,0.0,0.0,
0.9500000000000001,glue-cola,glue-mnli,glue-mrpc,glue-qqp,0.12559923298178333,0.000625,0.7279411764705882,0.54,0.0,0.0,
1.0,glue-cola,glue-mnli,glue-mrpc,glue-qqp,0.11888782358581017,0.000625,0.7328431372549019,0.541875,0.0,0.0,
0.0,glue-cola,glue-mnli,glue-mrpc,glue-rte,0.0,0.0,0.0,0.0,0.0,0.0,
0.05,glue-cola,glue-mnli,glue-mrpc,glue-rte,0.0,0.0,0.0,0.0,0.0,0.0,
0.1,glue-cola,glue-mnli,glue-mrpc,glue-rte,0.0,0.0,0.0,0.0,0.0,0.0,
0.15000000000000002,glue-cola,glue-mnli,glue-mrpc,glue-rte,0.023969319271332695,0.0,0.0,0.0,0.018050541516245487,0.0,
0.2,glue-cola,glue-mnli,glue-mrpc,glue-rte,0.3480345158197507,0.001875,0.0024509803921568627,0.0,0.3935018050541516,0.0022935779816513763,
0.25,glue-cola,glue-mnli,glue-mrpc,glue-rte,0.5771812080536913,0.10625,0.09068627450980392,0.0,0.5776173285198556,0.009174311926605505,
0.30000000000000004,glue-cola,glue-mnli,glue-mrpc,glue-rte,0.585810162991371,0.291875,0.16176470588235295,0.0,0.8050541516245487,0.0011467889908256881,
0.35000000000000003,glue-cola,glue-mnli,glue-mrpc,glue-rte,0.5522531160115053,0.29625,0.08823529411764706,0.0,0.7870036101083032,0.0,
0.4,glue-cola,glue-mnli,glue-mrpc,glue-rte,0.5091083413231065,0.28875,0.051470588235294115,0.0,0.7689530685920578,0.0,
0.45,glue-cola,glue-mnli,glue-mrpc,glue-rte,0.4314477468839885,0.275,0.0392156862745098,0.0,0.6859205776173285,0.0,
0.5,glue-cola,glue-mnli,glue-mrpc,glue-rte,0.35091083413231067,0.25625,0.03676470588235294,0.0,0.628158844765343,0.0,
0.55,glue-cola,glue-mnli,glue-mrpc,glue-rte,0.2713326941514861,0.244375,0.041666666666666664,0.0,0.5884476534296029,0.0,
0.6000000000000001,glue-cola,glue-mnli,glue-mrpc,glue-rte,0.20901246404602108,0.225625,0.04656862745098039,0.0,0.5379061371841155,0.0,
0.65,glue-cola,glue-mnli,glue-mrpc,glue-rte,0.18024928092042186,0.2125,0.05392156862745098,0.0,0.5306859205776173,0.0,
0.7000000000000001,glue-cola,glue-mnli,glue-mrpc,glue-rte,0.15244487056567593,0.198125,0.07352941176470588,0.0,0.51985559566787,0.0,
0.75,glue-cola,glue-mnli,glue-mrpc,glue-rte,0.1342281879194631,0.188125,0.12254901960784313,0.0,0.516245487364621,0.0,
0.8,glue-cola,glue-mnli,glue-mrpc,glue-rte,0.12272291466922339,0.174375,0.18137254901960784,0.0,0.5018050541516246,0.0,
0.8500000000000001,glue-cola,glue-mnli,glue-mrpc,glue-rte,0.11409395973154363,0.17125,0.23529411764705882,0.0,0.49097472924187724,0.0,
0.9,glue-cola,glue-mnli,glue-mrpc,glue-rte,0.1112176414189837,0.165625,0.30637254901960786,0.0,0.48375451263537905,0.0,
0.9500000000000001,glue-cola,glue-mnli,glue-mrpc,glue-rte,0.11409395973154363,0.16,0.36519607843137253,0.0,0.4657039711191336,0.0,
1.0,glue-cola,glue-mnli,glue-mrpc,glue-rte,0.10258868648130393,0.150625,0.4019607843137255,0.0,0.45126353790613716,0.0,
0.0,glue-cola,glue-mnli,glue-mrpc,glue-sst2,0.0,0.0,0.0,0.0,0.0,0.0,
0.05,glue-cola,glue-mnli,glue-mrpc,glue-sst2,0.0,0.0,0.0,0.0,0.0,0.0,
0.1,glue-cola,glue-mnli,glue-mrpc,glue-sst2,0.0,0.0,0.0,0.0,0.0,0.008027522935779817,
0.15000000000000002,glue-cola,glue-mnli,glue-mrpc,glue-sst2,0.09204218600191755,0.0,0.0,0.0,0.0,0.4610091743119266,
0.2,glue-cola,glue-mnli,glue-mrpc,glue-sst2,0.551294343240652,0.0,0.0,0.0,0.0,0.8853211009174312,
0.25,glue-cola,glue-mnli,glue-mrpc,glue-sst2,0.6375838926174496,0.02375,0.0,0.0,0.0,0.8899082568807339,
0.30000000000000004,glue-cola,glue-mnli,glue-mrpc,glue-sst2,0.6768935762224353,0.12,0.004901960784313725,0.0,0.0,0.8761467889908257,
0.35000000000000003,glue-cola,glue-mnli,glue-mrpc,glue-sst2,0.6864813039309684,0.284375,0.022058823529411766,0.0,0.0,0.8394495412844036,
0.4,glue-cola,glue-mnli,glue-mrpc,glue-sst2,0.6845637583892618,0.441875,0.056372549019607844,0.0,0.021660649819494584,0.7809633027522935,
0.45,glue-cola,glue-mnli,glue-mrpc,glue-sst2,0.6931927133269415,0.494375,0.09313725490196079,0.0,0.032490974729241874,0.694954128440367,
0.5,glue-cola,glue-mnli,glue-mrpc,glue-sst2,0.6816874400767018,0.510625,0.12009803921568628,0.0,0.02527075812274368,0.591743119266055,
0.55,glue-cola,glue-mnli,glue-mrpc,glue-sst2,0.6826462128475551,0.52875,0.1568627450980392,0.0,0.018050541516245487,0.48623853211009177,
0.6000000000000001,glue-cola,glue-mnli,glue-mrpc,glue-sst2,0.6864813039309684,0.539375,0.17647058823529413,0.0,0.010830324909747292,0.3967889908256881,
0.65,glue-cola,glue-mnli,glue-mrpc,glue-sst2,0.6740172579098753,0.549375,0.22058823529411764,0.0,0.0036101083032490976,0.29701834862385323,
0.7000000000000001,glue-cola,glue-mnli,glue-mrpc,glue-sst2,0.6682646212847555,0.549375,0.2622549019607843,0.0,0.0,0.20527522935779816,
0.75,glue-cola,glue-mnli,glue-mrpc,glue-sst2,0.6615532118887824,0.54125,0.2965686274509804,0.0,0.0,0.15481651376146788,
0.8,glue-cola,glue-mnli,glue-mrpc,glue-sst2,0.6490891658676894,0.55,0.3431372549019608,0.0,0.0,0.10321100917431193,
0.8500000000000001,glue-cola,glue-mnli,glue-mrpc,glue-sst2,0.6404602109300096,0.540625,0.3799019607843137,0.0,0.0,0.06651376146788991,
0.9,glue-cola,glue-mnli,glue-mrpc,glue-sst2,0.6337488015340365,0.525,0.41421568627450983,0.0,0.0,0.040137614678899085,
0.9500000000000001,glue-cola,glue-mnli,glue-mrpc,glue-sst2,0.62320230105465,0.51,0.4362745098039216,0.0,0.0,0.021788990825688075,
1.0,glue-cola,glue-mnli,glue-mrpc,glue-sst2,0.6193672099712368,0.4875,0.4681372549019608,0.0,0.0,0.008027522935779817,
0.0,glue-cola,glue-mnli,glue-mrpc,glue-stsb,0.0,0.0,0.0,0.0,0.0,0.0,
0.05,glue-cola,glue-mnli,glue-mrpc,glue-stsb,0.0,0.0,0.0,0.0,0.0,0.0,
0.1,glue-cola,glue-mnli,glue-mrpc,glue-stsb,0.0,0.0,0.0,0.0,0.0,0.0,
0.15000000000000002,glue-cola,glue-mnli,glue-mrpc,glue-stsb,0.014381591562799617,0.0,0.0,0.0,0.0,0.0,
0.2,glue-cola,glue-mnli,glue-mrpc,glue-stsb,0.2579098753595398,0.0,0.0,0.0,0.0,0.0,0.13959430459953923
0.25,glue-cola,glue-mnli,glue-mrpc,glue-stsb,0.5695110258868649,0.0025,0.0,0.0,0.0036101083032490976,0.0,0.5815488070239674
0.30000000000000004,glue-cola,glue-mnli,glue-mrpc,glue-stsb,0.6126558005752637,0.04625,0.0,0.0,0.021660649819494584,0.0,0.7107346134219463
0.35000000000000003,glue-cola,glue-mnli,glue-mrpc,glue-stsb,0.5934803451581975,0.14,0.03676470588235294,0.0,0.021660649819494584,0.0,0.7489206539733252
0.4,glue-cola,glue-mnli,glue-mrpc,glue-stsb,0.5436241610738255,0.184375,0.0661764705882353,0.0,0.0,0.0,0.7719293828864042
0.45,glue-cola,glue-mnli,glue-mrpc,glue-stsb,0.5177372962607862,0.20875,0.09068627450980392,0.0,0.0,0.0,0.7956856891326701
0.5,glue-cola,glue-mnli,glue-mrpc,glue-stsb,0.49952061361457334,0.2375,0.14215686274509803,0.0,0.0,0.0,0.8224606120894168
0.55,glue-cola,glue-mnli,glue-mrpc,glue-stsb,0.4928092042186002,0.26,0.1642156862745098,0.0,0.0,0.0,0.8180855492931431
0.6000000000000001,glue-cola,glue-mnli,glue-mrpc,glue-stsb,0.48897411313518696,0.270625,0.2034313725490196,0.0,0.0,0.0,0.802602916278667
0.65,glue-cola,glue-mnli,glue-mrpc,glue-stsb,0.47555129434324067,0.27875,0.23284313725490197,0.0,0.0,0.0,0.789557877031808
0.7000000000000001,glue-cola,glue-mnli,glue-mrpc,glue-stsb,0.46021093000958774,0.275625,0.27205882352941174,0.0,0.0,0.0,0.7734561806957034
0.75,glue-cola,glue-mnli,glue-mrpc,glue-stsb,0.4458293384467881,0.273125,0.33578431372549017,0.0,0.0,0.0,0.7521113114489342
0.8,glue-cola,glue-mnli,glue-mrpc,glue-stsb,0.439117929050815,0.254375,0.37745098039215685,0.0,0.0,0.0,0.7367726105340873
0.8500000000000001,glue-cola,glue-mnli,glue-mrpc,glue-stsb,0.42377756471716205,0.238125,0.3946078431372549,0.0,0.0,0.0,0.7074747700791794
0.9,glue-cola,glue-mnli,glue-mrpc,glue-stsb,0.3969319271332694,0.225625,0.41911764705882354,0.0,0.0,0.0,0.665393297638406
0.9500000000000001,glue-cola,glue-mnli,glue-mrpc,glue-stsb,0.3883029721955896,0.205625,0.45588235294117646,0.0,0.0,0.0,0.6405473780229675
1.0,glue-cola,glue-mnli,glue-mrpc,glue-stsb,0.35282837967401726,0.18625,0.5024509803921569,0.0,0.0,0.0,0.6071275934186153
0.0,glue-cola,glue-mnli,glue-qqp,glue-rte,0.0,0.0,0.0,0.0,0.0,0.0,
0.05,glue-cola,glue-mnli,glue-qqp,glue-rte,0.0,0.0,0.0,0.0,0.0,0.0,
0.1,glue-cola,glue-mnli,glue-qqp,glue-rte,0.0,0.0,0.0,0.0,0.0,0.0,
0.15000000000000002,glue-cola,glue-mnli,glue-qqp,glue-rte,0.003835091083413231,0.0,0.0,0.0,0.0036101083032490976,0.0,
0.2,glue-cola,glue-mnli,glue-qqp,glue-rte,0.17737296260786195,0.0,0.0,0.0,0.3212996389891697,0.0,
0.25,glue-cola,glue-mnli,glue-qqp,glue-rte,0.5637583892617449,0.0775,0.0,0.005,0.4981949458483754,0.0011467889908256881,
0.30000000000000004,glue-cola,glue-mnli,glue-qqp,glue-rte,0.638542665388303,0.3025,0.0,0.313125,0.6570397111913358,0.006880733944954129,
0.35000000000000003,glue-cola,glue-mnli,glue-qqp,glue-rte,0.6577181208053692,0.3325,0.0,0.57375,0.8375451263537906,0.0011467889908256881,
0.4,glue-cola,glue-mnli,glue-qqp,glue-rte,0.6577181208053692,0.348125,0.0,0.60125,0.8411552346570397,0.0,
0.45,glue-cola,glue-mnli,glue-qqp,glue-rte,0.6452540747842761,0.351875,0.0,0.611875,0.8303249097472925,0.0,
0.5,glue-cola,glue-mnli,glue-qqp,glue-rte,0.6088207094918504,0.34375,0.0,0.609375,0.8194945848375451,0.0,
0.55,glue-cola,glue-mnli,glue-qqp,glue-rte,0.5426653883029722,0.329375,0.0,0.6075,0.7942238267148014,0.0,
0.6000000000000001,glue-cola,glue-mnli,glue-qqp,glue-rte,0.47171620325982744,0.315625,0.0,0.60125,0.776173285198556,0.0,
0.65,glue-cola,glue-mnli,glue-qqp,glue-rte,0.3815915627996165,0.296875,0.0,0.591875,0.7364620938628159,0.0,
0.7000000000000001,glue-cola,glue-mnli,glue-qqp,glue-rte,0.3087248322147651,0.271875,0.0,0.579375,0.6931407942238267,0.0,
0.75,glue-cola,glue-mnli,glue-qqp,glue-rte,0.2473633748801534,0.256875,0.0,0.559375,0.6570397111913358,0.0,
0.8,glue-cola,glue-mnli,glue-qqp,glue-rte,0.18983700862895495,0.236875,0.0,0.5375,0.5956678700361011,0.0,
0.8500000000000001,glue-cola,glue-mnli,glue-qqp,glue-rte,0.15627996164908917,0.214375,0.0,0.506875,0.5631768953068592,0.0,
0.9,glue-cola,glue-mnli,glue-qqp,glue-rte,0.1332694151486098,0.190625,0.0,0.47625,0.5451263537906137,0.0,
0.9500000000000001,glue-cola,glue-mnli,glue-qqp,glue-rte,0.11984659635666348,0.175625,0.0,0.431875,0.51985559566787,0.0,
1.0,glue-cola,glue-mnli,glue-qqp,glue-rte,0.10642377756471716,0.1575,0.0,0.3775,0.5054151624548736,0.0,
0.0,glue-cola,glue-mnli,glue-qqp,glue-sst2,0.0,0.0,0.0,0.0,0.0,0.0,
0.05,glue-cola,glue-mnli,glue-qqp,glue-sst2,0.0,0.0,0.0,0.0,0.0,0.0,
0.1,glue-cola,glue-mnli,glue-qqp,glue-sst2,0.0,0.0,0.0,0.0,0.0,0.0022935779816513763,
0.15000000000000002,glue-cola,glue-mnli,glue-qqp,glue-sst2,0.019175455417066157,0.0,0.0,0.0,0.0,0.20871559633027523,
0.2,glue-cola,glue-mnli,glue-qqp,glue-sst2,0.3911792905081496,0.0,0.0,0.0,0.0,0.7958715596330275,
0.25,glue-cola,glue-mnli,glue-qqp,glue-sst2,0.6126558005752637,0.01125,0.0,0.0,0.0,0.9013761467889908,
0.30000000000000004,glue-cola,glue-mnli,glue-qqp,glue-sst2,0.6519654841802492,0.09125,0.0,0.0025,0.0,0.9105504587155964,
0.35000000000000003,glue-cola,glue-mnli,glue-qqp,glue-sst2,0.6663470757430489,0.238125,0.0,0.17,0.0,0.9128440366972477,
0.4,glue-cola,glue-mnli,glue-qqp,glue-sst2,0.6836049856184084,0.43375,0.0,0.358125,0.07581227436823104,0.9094036697247706,
0.45,glue-cola,glue-mnli,glue-qqp,glue-sst2,0.6970278044103547,0.536875,0.0,0.415,0.18411552346570398,0.8990825688073395,
0.5,glue-cola,glue-mnli,glue-qqp,glue-sst2,0.6922339405560882,0.56875,0.0,0.375,0.18772563176895307,0.8669724770642202,
0.55,glue-cola,glue-mnli,glue-qqp,glue-sst2,0.6845637583892618,0.58125,0.0,0.3075,0.1624548736462094,0.8440366972477065,
0.6000000000000001,glue-cola,glue-mnli,glue-qqp,glue-sst2,0.6826462128475551,0.590625,0.0,0.255625,0.1444043321299639,0.8096330275229358,
0.65,glue-cola,glue-mnli,glue-qqp,glue-sst2,0.675934803451582,0.605,0.0,0.22375,0.1299638989169675,0.7798165137614679,
0.7000000000000001,glue-cola,glue-mnli,glue-qqp,glue-sst2,0.6558005752636625,0.615625,0.0,0.19875,0.08664259927797834,0.7236238532110092,
0.75,glue-cola,glue-mnli,glue-qqp,glue-sst2,0.6270373921380633,0.62875,0.0,0.181875,0.04693140794223827,0.6548165137614679,
0.8,glue-cola,glue-mnli,glue-qqp,glue-sst2,0.6021093000958773,0.636875,0.0,0.166875,0.039711191335740074,0.6020642201834863,
0.8500000000000001,glue-cola,glue-mnli,glue-qqp,glue-sst2,0.5819750719079578,0.636875,0.0,0.15875,0.02527075812274368,0.5321100917431193,
0.9,glue-cola,glue-mnli,glue-qqp,glue-sst2,0.5541706615532119,0.6325,0.0,0.145,0.010830324909747292,0.45756880733944955,
0.9500000000000001,glue-cola,glue-mnli,glue-qqp,glue-sst2,0.5378715244487057,0.624375,0.0,0.131875,0.0036101083032490976,0.393348623853211,
1.0,glue-cola,glue-mnli,glue-qqp,glue-sst2,0.5148609779482263,0.62375,0.0,0.120625,0.0036101083032490976,0.3084862385321101,
0.0,glue-cola,glue-mnli,glue-qqp,glue-stsb,0.0,0.0,0.0,0.0,0.0,0.0,
0.05,glue-cola,glue-mnli,glue-qqp,glue-stsb,0.0,0.0,0.0,0.0,0.0,0.0,
0.1,glue-cola,glue-mnli,glue-qqp,glue-stsb,0.0,0.0,0.0,0.0,0.0,0.0,
0.15000000000000002,glue-cola,glue-mnli,glue-qqp,glue-stsb,0.0,0.0,0.0,0.0,0.0,0.0,
0.2,glue-cola,glue-mnli,glue-qqp,glue-stsb,0.11217641418983701,0.0,0.0,0.0,0.0,0.0,0.0267500194504762
0.25,glue-cola,glue-mnli,glue-qqp,glue-stsb,0.47459252157238735,0.001875,0.0,0.0,0.0,0.0,0.3083878372053731
0.30000000000000004,glue-cola,glue-mnli,glue-qqp,glue-stsb,0.6375838926174496,0.028125,0.0,0.0,0.007220216606498195,0.0,0.6194361091950638
0.35000000000000003,glue-cola,glue-mnli,glue-qqp,glue-stsb,0.6404602109300096,0.1125,0.0,0.0,0.04693140794223827,0.0,0.7216203907144705
0.4,glue-cola,glue-mnli,glue-qqp,glue-stsb,0.6164908916586769,0.19,0.0,0.01125,0.021660649819494584,0.0,0.7628453645457893
0.45,glue-cola,glue-mnli,glue-qqp,glue-stsb,0.5829338446788112,0.2325,0.0,0.1175,0.0036101083032490976,0.0,0.7971186586294307
0.5,glue-cola,glue-mnli,glue-qqp,glue-stsb,0.5503355704697986,0.275625,0.0,0.300625,0.0,0.0,0.8330291762406057
0.55,glue-cola,glue-mnli,glue-qqp,glue-stsb,0.5148609779482263,0.30375,0.0,0.440625,0.0,0.0,0.8498233690474261
0.6000000000000001,glue-cola,glue-mnli,glue-qqp,glue-stsb,0.4947267497603068,0.35125,0.0,0.5025,0.0,0.0,0.8474690594979647
0.65,glue-cola,glue-mnli,glue-qqp,glue-stsb,0.49089165867689355,0.375625,0.0,0.52,0.0,0.0,0.8455181810344197
0.7000000000000001,glue-cola,glue-mnli,glue-qqp,glue-stsb,0.4697986577181208,0.401875,0.0,0.52625,0.0,0.0,0.8302000263665114
0.75,glue-cola,glue-mnli,glue-qqp,glue-stsb,0.4506232023010546,0.42125,0.0,0.530625,0.0,0.0,0.8126679038868437
0.8,glue-cola,glue-mnli,glue-qqp,glue-stsb,0.4343240651965484,0.44,0.0,0.53875,0.0,0.0,0.7913522066125097
0.8500000000000001,glue-cola,glue-mnli,glue-qqp,glue-stsb,0.4228187919463087,0.44625,0.0,0.540625,0.0,0.0,0.78441540099677
0.9,glue-cola,glue-mnli,glue-qqp,glue-stsb,0.41802492809204217,0.44625,0.0,0.539375,0.0,0.0,0.7804891906685303
0.9500000000000001,glue-cola,glue-mnli,glue-qqp,glue-stsb,0.41227229146692235,0.446875,0.0,0.54,0.0,0.0,0.766159626768231
1.0,glue-cola,glue-mnli,glue-qqp,glue-stsb,0.3950143815915628,0.44,0.0,0.53625,0.0,0.0,0.758150678216759
0.0,glue-cola,glue-mnli,glue-rte,glue-sst2,0.0,0.0,0.0,0.0,0.0,0.0,
0.05,glue-cola,glue-mnli,glue-rte,glue-sst2,0.0,0.0,0.0,0.0,0.0,0.0,
0.1,glue-cola,glue-mnli,glue-rte,glue-sst2,0.0,0.0,0.0,0.0,0.0,0.0022935779816513763,
0.15000000000000002,glue-cola,glue-mnli,glue-rte,glue-sst2,0.04793863854266539,0.0,0.0,0.0,0.0036101083032490976,0.22362385321100917,
0.2,glue-cola,glue-mnli,glue-rte,glue-sst2,0.5023969319271333,0.0,0.0,0.0,0.2527075812274368,0.7511467889908257,
0.25,glue-cola,glue-mnli,glue-rte,glue-sst2,0.6452540747842761,0.07375,0.0,0.0,0.51985559566787,0.8830275229357798,
0.30000000000000004,glue-cola,glue-mnli,glue-rte,glue-sst2,0.6682646212847555,0.354375,0.0,0.0,0.5234657039711191,0.9036697247706422,
0.35000000000000003,glue-cola,glue-mnli,glue-rte,glue-sst2,0.6749760306807286,0.46375,0.0,0.0,0.5270758122743683,0.9025229357798165,
0.4,glue-cola,glue-mnli,glue-rte,glue-sst2,0.6836049856184084,0.54,0.0,0.0,0.5234657039711191,0.8704128440366973,
0.45,glue-cola,glue-mnli,glue-rte,glue-sst2,0.6845637583892618,0.59375,0.0,0.0,0.5234657039711191,0.8314220183486238,
0.5,glue-cola,glue-mnli,glue-rte,glue-sst2,0.6807286673058485,0.630625,0.0,0.0,0.5306859205776173,0.7614678899082569,
0.55,glue-cola,glue-mnli,glue-rte,glue-sst2,0.6720997123681688,0.665625,0.0,0.0,0.5234657039711191,0.6903669724770642,
0.6000000000000001,glue-cola,glue-mnli,glue-rte,glue-sst2,0.6462128475551294,0.690625,0.0,0.0,0.516245487364621,0.6100917431192661,
0.65,glue-cola,glue-mnli,glue-rte,glue-sst2,0.6184084372003835,0.7075,0.0,0.0,0.5126353790613718,0.5309633027522935,
0.7000000000000001,glue-cola,glue-mnli,glue-rte,glue-sst2,0.5790987535953979,0.736875,0.0,0.0,0.5054151624548736,0.43922018348623854,
0.75,glue-cola,glue-mnli,glue-rte,glue-sst2,0.5465004793863855,0.755625,0.0,0.0,0.49097472924187724,0.36353211009174313,
0.8,glue-cola,glue-mnli,glue-rte,glue-sst2,0.5148609779482263,0.760625,0.0,0.0,0.4584837545126354,0.28784403669724773,
0.8500000000000001,glue-cola,glue-mnli,glue-rte,glue-sst2,0.4697986577181208,0.759375,0.0,0.0,0.4368231046931408,0.22935779816513763,
0.9,glue-cola,glue-mnli,glue-rte,glue-sst2,0.42953020134228187,0.750625,0.0,0.0,0.4007220216606498,0.17087155963302753,
0.9500000000000001,glue-cola,glue-mnli,glue-rte,glue-sst2,0.3969319271332694,0.74375,0.0,0.0,0.37545126353790614,0.1341743119266055,
1.0,glue-cola,glue-mnli,glue-rte,glue-sst2,0.37488015340364333,0.74,0.0,0.0,0.30685920577617326,0.09174311926605505,
0.0,glue-cola,glue-mnli,glue-rte,glue-stsb,0.0,0.0,0.0,0.0,0.0,0.0,
0.05,glue-cola,glue-mnli,glue-rte,glue-stsb,0.0,0.0,0.0,0.0,0.0,0.0,
0.1,glue-cola,glue-mnli,glue-rte,glue-stsb,0.0,0.0,0.0,0.0,0.0,0.0,
0.15000000000000002,glue-cola,glue-mnli,glue-rte,glue-stsb,0.005752636625119847,0.0,0.0,0.0,0.007220216606498195,0.0,
0.2,glue-cola,glue-mnli,glue-rte,glue-stsb,0.13231064237775647,0.00125,0.0,0.0,0.35018050541516244,0.0,
0.25,glue-cola,glue-mnli,glue-rte,glue-stsb,0.4621284755512943,0.10125,0.0,0.0,0.5018050541516246,0.0,0.08073392818718181
0.30000000000000004,glue-cola,glue-mnli,glue-rte,glue-stsb,0.6270373921380633,0.3075,0.0,0.0,0.51985559566787,0.0,0.045381873393636495
0.35000000000000003,glue-cola,glue-mnli,glue-rte,glue-stsb,0.6356663470757431,0.3625,0.0,0.0,0.5234657039711191,0.0,
0.4,glue-cola,glue-mnli,glue-rte,glue-stsb,0.638542665388303,0.38375,0.0,0.0,0.5270758122743683,0.0,0.04311052241795495
0.45,glue-cola,glue-mnli,glue-rte,glue-stsb,0.6145733461169702,0.41375,0.0,0.0,0.5270758122743683,0.0,0.04311052241795495
0.5,glue-cola,glue-mnli,glue-rte,glue-stsb,0.5781399808245445,0.438125,0.0,0.0,0.5270758122743683,0.0,0.05775466131346186
0.55,glue-cola,glue-mnli,glue-rte,glue-stsb,0.5551294343240653,0.475625,0.0,0.0,0.5270758122743683,0.0,0.07207870226583599
0.6000000000000001,glue-cola,glue-mnli,glue-rte,glue-stsb,0.5254074784276127,0.515,0.0,0.0,0.5342960288808665,0.0,0.11987085476399469
0.65,glue-cola,glue-mnli,glue-rte,glue-stsb,0.4966442953020134,0.565,0.0,0.0,0.5415162454873647,0.0,0.21613452669078004
0.7000000000000001,glue-cola,glue-mnli,glue-rte,glue-stsb,0.4621284755512943,0.603125,0.0,0.0,0.5523465703971119,0.0,0.32887107614933997
0.75,glue-cola,glue-mnli,glue-rte,glue-stsb,0.4314477468839885,0.635625,0.0,0.0,0.5667870036101083,0.0,0.35877191025809546
0.8,glue-cola,glue-mnli,glue-rte,glue-stsb,0.3883029721955896,0.66375,0.0,0.0,0.5848375451263538,0.0,0.38295603491109226
0.8500000000000001,glue-cola,glue-mnli,glue-rte,glue-stsb,0.3537871524448706,0.675,0.0,0.0,0.5956678700361011,0.0,0.39214062829948854
0.9,glue-cola,glue-mnli,glue-rte,glue-stsb,0.3326941514860978,0.68375,0.0,0.0,0.5956678700361011,0.0,0.40244907488618487
0.9500000000000001,glue-cola,glue-mnli,glue-rte,glue-stsb,0.3068072866730585,0.674375,0.0,0.0,0.5884476534296029,0.0,0.41418789842266107
1.0,glue-cola,glue-mnli,glue-rte,glue-stsb,0.274209012464046,0.6675,0.0,0.0,0.5812274368231047,0.0,0.42714768199910147
0.0,glue-cola,glue-mnli,glue-sst2,glue-stsb,0.0,0.0,0.0,0.0,0.0,0.0,
0.05,glue-cola,glue-mnli,glue-sst2,glue-stsb,0.0,0.0,0.0,0.0,0.0,0.0,
0.1,glue-cola,glue-mnli,glue-sst2,glue-stsb,0.0,0.0,0.0,0.0,0.0,0.0022935779816513763,
0.15000000000000002,glue-cola,glue-mnli,glue-sst2,glue-stsb,0.029721955896452542,0.0,0.0,0.0,0.0,0.11697247706422019,
0.2,glue-cola,glue-mnli,glue-sst2,glue-stsb,0.3604985618408437,0.0,0.0,0.0,0.0,0.4896788990825688,0.0267500194504762
0.25,glue-cola,glue-mnli,glue-sst2,glue-stsb,0.5378715244487057,0.01375,0.0,0.0,0.0,0.7442660550458715,0.2994438432147434
0.30000000000000004,glue-cola,glue-mnli,glue-sst2,glue-stsb,0.5800575263662512,0.07375,0.0,0.0,0.0036101083032490976,0.8268348623853211,0.6057019932828432
0.35000000000000003,glue-cola,glue-mnli,glue-sst2,glue-stsb,0.5925215723873442,0.165625,0.0,0.0,0.007220216606498195,0.8555045871559633,0.707228230222592
0.4,glue-cola,glue-mnli,glue-sst2,glue-stsb,0.6001917545541706,0.280625,0.0,0.0,0.010830324909747292,0.8463302752293578,0.7502538419918081
0.45,glue-cola,glue-mnli,glue-sst2,glue-stsb,0.6030680728667306,0.313125,0.0,0.0,0.0036101083032490976,0.819954128440367,0.7802608025968456
0.5,glue-cola,glue-mnli,glue-sst2,glue-stsb,0.5934803451581975,0.32,0.0,0.0,0.0,0.7901376146788991,0.810641711615422
0.55,glue-cola,glue-mnli,glue-sst2,glue-stsb,0.573346116970278,0.3325,0.0,0.0,0.0,0.7442660550458715,0.8188340096023876
0.6000000000000001,glue-cola,glue-mnli,glue-sst2,glue-stsb,0.5417066155321189,0.345,0.0,0.0,0.0,0.6938073394495413,0.823034726911324
0.65,glue-cola,glue-mnli,glue-sst2,glue-stsb,0.5100671140939598,0.364375,0.0,0.0,0.0,0.6272935779816514,0.8005860559065628
0.7000000000000001,glue-cola,glue-mnli,glue-sst2,glue-stsb,0.4726749760306807,0.3825,0.0,0.0,0.0,0.5802752293577982,0.7793386513551397
0.75,glue-cola,glue-mnli,glue-sst2,glue-stsb,0.42090124640460214,0.40875,0.0,0.0,0.0,0.5022935779816514,0.7683299796827027
0.8,glue-cola,glue-mnli,glue-sst2,glue-stsb,0.36720997123681687,0.43125,0.0,0.0,0.0,0.42201834862385323,0.7635110002999328
0.8500000000000001,glue-cola,glue-mnli,glue-sst2,glue-stsb,0.32694151486097794,0.448125,0.0,0.0,0.0,0.34977064220183485,0.771893260797318
0.9,glue-cola,glue-mnli,glue-sst2,glue-stsb,0.286673058485139,0.4525,0.0,0.0,0.0,0.28325688073394495,0.7674289436886585
0.9500000000000001,glue-cola,glue-mnli,glue-sst2,glue-stsb,0.26174496644295303,0.47375,0.0,0.0,0.0,0.22362385321100917,0.7612148942527911
1.0,glue-cola,glue-mnli,glue-sst2,glue-stsb,0.2483221476510067,0.48375,0.0,0.0,0.0,0.1628440366972477,0.7531419205584792
0.0,glue-cola,glue-mrpc,glue-qqp,glue-rte,0.0,0.0,0.0,0.0,0.0,0.0,
0.05,glue-cola,glue-mrpc,glue-qqp,glue-rte,0.0,0.0,0.0,0.0,0.0,0.0,
0.1,glue-cola,glue-mrpc,glue-qqp,glue-rte,0.0,0.0,0.0,0.0,0.0,0.0,
0.15000000000000002,glue-cola,glue-mrpc,glue-qqp,glue-rte,0.005752636625119847,0.0,0.0,0.0,0.0,0.0,
0.2,glue-cola,glue-mrpc,glue-qqp,glue-rte,0.06423777564717162,0.0,0.014705882352941176,0.001875,0.0,0.0011467889908256881,
0.25,glue-cola,glue-mrpc,glue-qqp,glue-rte,0.12943432406519656,0.0,0.17401960784313725,0.2425,0.01444043321299639,0.0,
0.30000000000000004,glue-cola,glue-mrpc,glue-qqp,glue-rte,0.1112176414189837,0.0,0.3112745098039216,0.554375,0.08664259927797834,0.0,
0.35000000000000003,glue-cola,glue-mrpc,glue-qqp,glue-rte,0.0738255033557047,0.0,0.3137254901960784,0.64375,0.09747292418772563,0.0,
0.4,glue-cola,glue-mrpc,glue-qqp,glue-rte,0.04218600191754554,0.0,0.31862745098039214,0.658125,0.07942238267148015,0.0,
0.45,glue-cola,glue-mrpc,glue-qqp,glue-rte,0.02588686481303931,0.0,0.35049019607843135,0.66,0.04332129963898917,0.0,
0.5,glue-cola,glue-mrpc,glue-qqp,glue-rte,0.014381591562799617,0.0,0.37254901960784315,0.66,0.018050541516245487,0.0,
0.55,glue-cola,glue-mrpc,glue-qqp,glue-rte,0.009587727708533078,0.0,0.39215686274509803,0.659375,0.0036101083032490976,0.0,
0.6000000000000001,glue-cola,glue-mrpc,glue-qqp,glue-rte,0.006711409395973154,0.0,0.39705882352941174,0.659375,0.0,0.0,
0.65,glue-cola,glue-mrpc,glue-qqp,glue-rte,0.0028763183125599234,0.0,0.4166666666666667,0.659375,0.0,0.0,
0.7000000000000001,glue-cola,glue-mrpc,glue-qqp,glue-rte,0.0009587727708533077,0.0,0.4264705882352941,0.659375,0.0,0.0,
0.75,glue-cola,glue-mrpc,glue-qqp,glue-rte,0.0009587727708533077,0.0,0.42401960784313725,0.658125,0.0,0.0,
0.8,glue-cola,glue-mrpc,glue-qqp,glue-rte,0.0,0.0,0.4411764705882353,0.6575,0.0,0.0,
0.8500000000000001,glue-cola,glue-mrpc,glue-qqp,glue-rte,0.0,0.0,0.4411764705882353,0.6575,0.0,0.0,
0.9,glue-cola,glue-mrpc,glue-qqp,glue-rte,0.0,0.0,0.45588235294117646,0.6575,0.0,0.0,
0.9500000000000001,glue-cola,glue-mrpc,glue-qqp,glue-rte,0.0,0.0,0.44607843137254904,0.65625,0.0,0.0,
1.0,glue-cola,glue-mrpc,glue-qqp,glue-rte,0.0,0.0,0.46078431372549017,0.654375,0.0,0.0,
0.0,glue-cola,glue-mrpc,glue-qqp,glue-sst2,0.0,0.0,0.0,0.0,0.0,0.0,
0.05,glue-cola,glue-mrpc,glue-qqp,glue-sst2,0.0,0.0,0.0,0.0,0.0,0.0,
0.1,glue-cola,glue-mrpc,glue-qqp,glue-sst2,0.0,0.0,0.0,0.0,0.0,0.0034403669724770644,
0.15000000000000002,glue-cola,glue-mrpc,glue-qqp,glue-sst2,0.03547459252157239,0.0,0.0,0.0,0.0,0.2006880733944954,
0.2,glue-cola,glue-mrpc,glue-qqp,glue-sst2,0.4467881112176414,0.0,0.0,0.0,0.0,0.7350917431192661,
0.25,glue-cola,glue-mrpc,glue-qqp,glue-sst2,0.6347075743048898,0.0,0.07352941176470588,0.005625,0.0,0.8325688073394495,
0.30000000000000004,glue-cola,glue-mrpc,glue-qqp,glue-sst2,0.6510067114093959,0.0,0.3112745098039216,0.159375,0.0,0.7557339449541285,
0.35000000000000003,glue-cola,glue-mrpc,glue-qqp,glue-sst2,0.6673058485139022,0.0,0.40441176470588236,0.360625,0.0,0.6238532110091743,
0.4,glue-cola,glue-mrpc,glue-qqp,glue-sst2,0.6845637583892618,0.0,0.4534313725490196,0.4725,0.0,0.48394495412844035,
0.45,glue-cola,glue-mrpc,glue-qqp,glue-sst2,0.6903163950143816,0.0,0.5049019607843137,0.51375,0.0,0.33371559633027525,
0.5,glue-cola,glue-mrpc,glue-qqp,glue-sst2,0.700862895493768,0.0,0.5588235294117647,0.513125,0.0,0.22477064220183487,
0.55,glue-cola,glue-mrpc,glue-qqp,glue-sst2,0.6989453499520614,0.0,0.5882352941176471,0.47875,0.0,0.13188073394495411,
0.6000000000000001,glue-cola,glue-mrpc,glue-qqp,glue-sst2,0.6912751677852349,0.0,0.6176470588235294,0.43625,0.0,0.07110091743119266,
0.65,glue-cola,glue-mrpc,glue-qqp,glue-sst2,0.675934803451582,0.0,0.6348039215686274,0.370625,0.0,0.034403669724770644,
0.7000000000000001,glue-cola,glue-mrpc,glue-qqp,glue-sst2,0.6615532118887824,0.0,0.6691176470588235,0.321875,0.0,0.01261467889908257,
0.75,glue-cola,glue-mrpc,glue-qqp,glue-sst2,0.6404602109300096,0.0,0.6813725490196079,0.303125,0.0,0.0022935779816513763,
0.8,glue-cola,glue-mrpc,glue-qqp,glue-sst2,0.6279961649089166,0.0,0.7034313725490197,0.304375,0.0,0.0,
0.8500000000000001,glue-cola,glue-mrpc,glue-qqp,glue-sst2,0.6030680728667306,0.0,0.7279411764705882,0.324375,0.0,0.0,
0.9,glue-cola,glue-mrpc,glue-qqp,glue-sst2,0.5752636625119847,0.0,0.7598039215686274,0.346875,0.0,0.0,
0.9500000000000001,glue-cola,glue-mrpc,glue-qqp,glue-sst2,0.5522531160115053,0.0,0.7622549019607843,0.369375,0.0,0.0,
1.0,glue-cola,glue-mrpc,glue-qqp,glue-sst2,0.5292425695110259,0.0,0.7720588235294118,0.384375,0.0,0.0,
0.0,glue-cola,glue-mrpc,glue-qqp,glue-stsb,0.0,0.0,0.0,0.0,0.0,0.0,
0.05,glue-cola,glue-mrpc,glue-qqp,glue-stsb,0.0,0.0,0.0,0.0,0.0,0.0,
0.1,glue-cola,glue-mrpc,glue-qqp,glue-stsb,0.0,0.0,0.0,0.0,0.0,0.0,
0.15000000000000002,glue-cola,glue-mrpc,glue-qqp,glue-stsb,0.0019175455417066154,0.0,0.0,0.0,0.0,0.0,
0.2,glue-cola,glue-mrpc,glue-qqp,glue-stsb,0.09587727708533078,0.0,0.0,0.0,0.0,0.0,0.033875382310788474
0.25,glue-cola,glue-mrpc,glue-qqp,glue-stsb,0.2981783317353787,0.0,0.03431372549019608,0.000625,0.0,0.0022935779816513763,0.3155622564020909
0.30000000000000004,glue-cola,glue-mrpc,glue-qqp,glue-stsb,0.34419942473633747,0.0,0.44362745098039214,0.04125,0.0,0.0,0.5949485044960074
0.35000000000000003,glue-cola,glue-mrpc,glue-qqp,glue-stsb,0.3173537871524449,0.0,0.6764705882352942,0.126875,0.0,0.0,0.6195916441758401
0.4,glue-cola,glue-mrpc,glue-qqp,glue-stsb,0.24256951102588686,0.0,0.7156862745098039,0.196875,0.0,0.0,0.5797907304678107
0.45,glue-cola,glue-mrpc,glue-qqp,glue-stsb,0.17545541706615533,0.0,0.7450980392156863,0.2275,0.0,0.0,0.4904339278958685
0.5,glue-cola,glue-mrpc,glue-qqp,glue-stsb,0.11505273250239693,0.0,0.7598039215686274,0.239375,0.0,0.0,0.34949937476255005
0.55,glue-cola,glue-mrpc,glue-qqp,glue-stsb,0.07670182166826463,0.0,0.7818627450980392,0.22625,0.0,0.0,0.11368853243830088
0.6000000000000001,glue-cola,glue-mrpc,glue-qqp,glue-stsb,0.05465004793863854,0.0,0.8014705882352942,0.211875,0.0,0.0,0.04692281446562975
0.65,glue-cola,glue-mrpc,glue-qqp,glue-stsb,0.04218600191754554,0.0,0.8063725490196079,0.19,0.0,0.0,
0.7000000000000001,glue-cola,glue-mrpc,glue-qqp,glue-stsb,0.029721955896452542,0.0,0.8186274509803921,0.171875,0.0,0.0,
0.75,glue-cola,glue-mrpc,glue-qqp,glue-stsb,0.024928092042186004,0.0,0.8259803921568627,0.15125,0.0,0.0,
0.8,glue-cola,glue-mrpc,glue-qqp,glue-stsb,0.02205177372962608,0.0,0.8186274509803921,0.13625,0.0,0.0,
0.8500000000000001,glue-cola,glue-mrpc,glue-qqp,glue-stsb,0.023969319271332695,0.0,0.8112745098039216,0.115,0.0,0.0,
0.9,glue-cola,glue-mrpc,glue-qqp,glue-stsb,0.024928092042186004,0.0,0.821078431372549,0.09875,0.0,0.0,
0.9500000000000001,glue-cola,glue-mrpc,glue-qqp,glue-stsb,0.023969319271332695,0.0,0.8186274509803921,0.081875,0.0,0.0,
1.0,glue-cola,glue-mrpc,glue-qqp,glue-stsb,0.020134228187919462,0.0,0.8063725490196079,0.07375,0.0,0.0,
0.0,glue-cola,glue-mrpc,glue-rte,glue-sst2,0.0,0.0,0.0,0.0,0.0,0.0,
0.05,glue-cola,glue-mrpc,glue-rte,glue-sst2,0.0,0.0,0.0,0.0,0.0,0.0,
0.1,glue-cola,glue-mrpc,glue-rte,glue-sst2,0.0,0.0,0.0,0.0,0.0,0.0034403669724770644,
0.15000000000000002,glue-cola,glue-mrpc,glue-rte,glue-sst2,0.07670182166826463,0.0,0.0,0.0,0.0,0.2889908256880734,
0.2,glue-cola,glue-mrpc,glue-rte,glue-sst2,0.535953978906999,0.0,0.0,0.0,0.0,0.7981651376146789,
0.25,glue-cola,glue-mrpc,glue-rte,glue-sst2,0.6347075743048898,0.0,0.09558823529411764,0.0,0.007220216606498195,0.7534403669724771,
0.30000000000000004,glue-cola,glue-mrpc,glue-rte,glue-sst2,0.6481303930968361,0.0,0.2965686274509804,0.0,0.10108303249097472,0.6135321100917431,
0.35000000000000003,glue-cola,glue-mrpc,glue-rte,glue-sst2,0.6481303930968361,0.0,0.30392156862745096,0.0,0.1444043321299639,0.45642201834862384,
0.4,glue-cola,glue-mrpc,glue-rte,glue-sst2,0.6490891658676894,0.0,0.32598039215686275,0.0,0.15162454873646208,0.2981651376146789,
0.45,glue-cola,glue-mrpc,glue-rte,glue-sst2,0.6395014381591563,0.0,0.3480392156862745,0.0,0.1444043321299639,0.19495412844036697,
0.5,glue-cola,glue-mrpc,glue-rte,glue-sst2,0.6299137104506232,0.0,0.38235294117647056,0.0,0.11913357400722022,0.11697247706422019,
0.55,glue-cola,glue-mrpc,glue-rte,glue-sst2,0.6116970278044104,0.0,0.4019607843137255,0.0,0.07220216606498195,0.0676605504587156,
0.6000000000000001,glue-cola,glue-mrpc,glue-rte,glue-sst2,0.5838926174496645,0.0,0.4338235294117647,0.0,0.032490974729241874,0.03555045871559633,
0.65,glue-cola,glue-mrpc,glue-rte,glue-sst2,0.5666347075743049,0.0,0.4534313725490196,0.0,0.010830324909747292,0.017201834862385322,
0.7000000000000001,glue-cola,glue-mrpc,glue-rte,glue-sst2,0.551294343240652,0.0,0.47794117647058826,0.0,0.0,0.0034403669724770644,
0.75,glue-cola,glue-mrpc,glue-rte,glue-sst2,0.5282837967401726,0.0,0.5367647058823529,0.0,0.0,0.0022935779816513763,
0.8,glue-cola,glue-mrpc,glue-rte,glue-sst2,0.5110258868648131,0.0,0.5661764705882353,0.0,0.0,0.0011467889908256881,
0.8500000000000001,glue-cola,glue-mrpc,glue-rte,glue-sst2,0.49760306807286675,0.0,0.5906862745098039,0.0,0.0,0.0,
0.9,glue-cola,glue-mrpc,glue-rte,glue-sst2,0.48897411313518696,0.0,0.6446078431372549,0.0,0.0,0.0,
0.9500000000000001,glue-cola,glue-mrpc,glue-rte,glue-sst2,0.4813039309683605,0.0,0.6764705882352942,0.0,0.0,0.0,
1.0,glue-cola,glue-mrpc,glue-rte,glue-sst2,0.47555129434324067,0.0,0.7034313725490197,0.0,0.0,0.0,
0.0,glue-cola,glue-mrpc,glue-rte,glue-stsb,0.0,0.0,0.0,0.0,0.0,0.0,
0.05,glue-cola,glue-mrpc,glue-rte,glue-stsb,0.0,0.0,0.0,0.0,0.0,0.0,
0.1,glue-cola,glue-mrpc,glue-rte,glue-stsb,0.0,0.0,0.0,0.0,0.0,0.0,
0.15000000000000002,glue-cola,glue-mrpc,glue-rte,glue-stsb,0.00862895493767977,0.0,0.0,0.0,0.0,0.0,
0.2,glue-cola,glue-mrpc,glue-rte,glue-stsb,0.16203259827420902,0.0,0.0,0.0,0.0,0.0,0.06669020213686272
0.25,glue-cola,glue-mrpc,glue-rte,glue-stsb,0.28187919463087246,0.0,0.02696078431372549,0.0,0.0,0.0,0.42515067230960846
0.30000000000000004,glue-cola,glue-mrpc,glue-rte,glue-stsb,0.24928092042186,0.0,0.22303921568627452,0.0,0.10469314079422383,0.0,0.6619954855741631
0.35000000000000003,glue-cola,glue-mrpc,glue-rte,glue-stsb,0.17066155321188878,0.0,0.25,0.0,0.3140794223826715,0.0,0.6889229473279675
0.4,glue-cola,glue-mrpc,glue-rte,glue-stsb,0.11409395973154363,0.0,0.2647058823529412,0.0,0.2888086642599278,0.0,0.681108976302822
0.45,glue-cola,glue-mrpc,glue-rte,glue-stsb,0.07574304889741132,0.0,0.27205882352941174,0.0,0.22021660649819494,0.0,0.676252714310375
0.5,glue-cola,glue-mrpc,glue-rte,glue-stsb,0.05752636625119847,0.0,0.2769607843137255,0.0,0.1552346570397112,0.0,0.6706117011309262
0.55,glue-cola,glue-mrpc,glue-rte,glue-stsb,0.04410354745925216,0.0,0.2769607843137255,0.0,0.09386281588447654,0.0,0.6705674542937643
0.6000000000000001,glue-cola,glue-mrpc,glue-rte,glue-stsb,0.037392138063279005,0.0,0.28921568627450983,0.0,0.04332129963898917,0.0,0.6712941367583248
0.65,glue-cola,glue-mrpc,glue-rte,glue-stsb,0.032598274209012464,0.0,0.30637254901960786,0.0,0.007220216606498195,0.0,0.6669289471153679
0.7000000000000001,glue-cola,glue-mrpc,glue-rte,glue-stsb,0.029721955896452542,0.0,0.33088235294117646,0.0,0.007220216606498195,0.0,0.6674123292075579
0.75,glue-cola,glue-mrpc,glue-rte,glue-stsb,0.027804410354745925,0.0,0.41911764705882354,0.0,0.0,0.0,0.6632053956052425
0.8,glue-cola,glue-mrpc,glue-rte,glue-stsb,0.03355704697986577,0.0,0.4730392156862745,0.0,0.0,0.0,0.6505333153019549
0.8500000000000001,glue-cola,glue-mrpc,glue-rte,glue-stsb,0.03547459252157239,0.0,0.5612745098039216,0.0,0.0,0.0,0.6327779008030069
0.9,glue-cola,glue-mrpc,glue-rte,glue-stsb,0.03547459252157239,0.0,0.6200980392156863,0.0,0.0,0.0,0.5948664063327368
0.9500000000000001,glue-cola,glue-mrpc,glue-rte,glue-stsb,0.03451581975071908,0.0,0.696078431372549,0.0,0.0,0.0,0.5697542563099002
1.0,glue-cola,glue-mrpc,glue-rte,glue-stsb,0.030680728667305847,0.0,0.7450980392156863,0.0,0.0,0.0,0.5379500101114453
0.0,glue-cola,glue-mrpc,glue-sst2,glue-stsb,0.0,0.0,0.0,0.0,0.0,0.0,
0.05,glue-cola,glue-mrpc,glue-sst2,glue-stsb,0.0,0.0,0.0,0.0,0.0,0.0,
0.1,glue-cola,glue-mrpc,glue-sst2,glue-stsb,0.0,0.0,0.0,0.0,0.0,0.0022935779816513763,
0.15000000000000002,glue-cola,glue-mrpc,glue-sst2,glue-stsb,0.039309683604985615,0.0,0.0,0.0,0.0,0.24426605504587157,
0.2,glue-cola,glue-mrpc,glue-sst2,glue-stsb,0.4228187919463087,0.0,0.0,0.0,0.0,0.7614678899082569,0.0267500194504762
0.25,glue-cola,glue-mrpc,glue-sst2,glue-stsb,0.62320230105465,0.0,0.0,0.0,0.0,0.8405963302752294,0.3436969923342449
0.30000000000000004,glue-cola,glue-mrpc,glue-sst2,glue-stsb,0.6548418024928092,0.0,0.012254901960784314,0.0,0.0,0.783256880733945,0.620031316071734
0.35000000000000003,glue-cola,glue-mrpc,glue-sst2,glue-stsb,0.6663470757430489,0.0,0.05392156862745098,0.0,0.0,0.6857798165137615,0.6651659771479798
0.4,glue-cola,glue-mrpc,glue-sst2,glue-stsb,0.6653883029721956,0.0,0.15441176470588236,0.0,0.0,0.5688073394495413,0.6395523937788066
0.45,glue-cola,glue-mrpc,glue-sst2,glue-stsb,0.6720997123681688,0.0,0.23284313725490197,0.0,0.0,0.4323394495412844,0.6007272303742633
0.5,glue-cola,glue-mrpc,glue-sst2,glue-stsb,0.6768935762224353,0.0,0.30392156862745096,0.0,0.0,0.31422018348623854,0.5507662009743799
0.55,glue-cola,glue-mrpc,glue-sst2,glue-stsb,0.6797698945349953,0.0,0.39705882352941174,0.0,0.0,0.21330275229357798,0.4922146635932342
0.6000000000000001,glue-cola,glue-mrpc,glue-sst2,glue-stsb,0.6711409395973155,0.0,0.45098039215686275,0.0,0.0,0.12270642201834862,0.4189403208147733
0.65,glue-cola,glue-mrpc,glue-sst2,glue-stsb,0.6720997123681688,0.0,0.5073529411764706,0.0,0.0,0.05963302752293578,0.33642326466020855
0.7000000000000001,glue-cola,glue-mrpc,glue-sst2,glue-stsb,0.6615532118887824,0.0,0.5514705882352942,0.0,0.0,0.026376146788990827,0.15534366777115666
0.75,glue-cola,glue-mrpc,glue-sst2,glue-stsb,0.6433365292425696,0.0,0.5980392156862745,0.0,0.0,0.010321100917431193,0.0267500194504762
0.8,glue-cola,glue-mrpc,glue-sst2,glue-stsb,0.6308724832214765,0.0,0.6323529411764706,0.0,0.0,0.0022935779816513763,
0.8500000000000001,glue-cola,glue-mrpc,glue-sst2,glue-stsb,0.6145733461169702,0.0,0.6593137254901961,0.0,0.0,0.0011467889908256881,
0.9,glue-cola,glue-mrpc,glue-sst2,glue-stsb,0.6049856184084372,0.0,0.6642156862745098,0.0,0.0,0.0,
0.9500000000000001,glue-cola,glue-mrpc,glue-sst2,glue-stsb,0.5867689357622243,0.0,0.6764705882352942,0.0,0.0,0.0,
1.0,glue-cola,glue-mrpc,glue-sst2,glue-stsb,0.5771812080536913,0.0,0.6862745098039216,0.0,0.0,0.0,
0.0,glue-cola,glue-qqp,glue-rte,glue-sst2,0.0,0.0,0.0,0.0,0.0,0.0,
0.05,glue-cola,glue-qqp,glue-rte,glue-sst2,0.0,0.0,0.0,0.0,0.0,0.0,
0.1,glue-cola,glue-qqp,glue-rte,glue-sst2,0.0,0.0,0.0,0.0,0.0,0.0011467889908256881,
0.15000000000000002,glue-cola,glue-qqp,glue-rte,glue-sst2,0.023010546500479387,0.0,0.0,0.0,0.0,0.11697247706422019,
0.2,glue-cola,glue-qqp,glue-rte,glue-sst2,0.3998082454458293,0.0,0.0,0.0,0.0,0.6536697247706422,
0.25,glue-cola,glue-qqp,glue-rte,glue-sst2,0.6423777564717162,0.0,0.0,0.0075,0.0,0.8772935779816514,
0.30000000000000004,glue-cola,glue-qqp,glue-rte,glue-sst2,0.6653883029721956,0.0,0.0,0.4425,0.05054151624548736,0.8681192660550459,
0.35000000000000003,glue-cola,glue-qqp,glue-rte,glue-sst2,0.6720997123681688,0.0,0.0,0.643125,0.23826714801444043,0.8337155963302753,
0.4,glue-cola,glue-qqp,glue-rte,glue-sst2,0.6788111217641419,0.0,0.0,0.654375,0.5018050541516246,0.7706422018348624,
0.45,glue-cola,glue-qqp,glue-rte,glue-sst2,0.6922339405560882,0.0,0.0,0.658125,0.6028880866425993,0.6857798165137615,
0.5,glue-cola,glue-qqp,glue-rte,glue-sst2,0.7018216682646213,0.0,0.0,0.659375,0.6750902527075813,0.5963302752293578,
0.55,glue-cola,glue-qqp,glue-rte,glue-sst2,0.6989453499520614,0.0,0.0,0.659375,0.6498194945848376,0.5080275229357798,
0.6000000000000001,glue-cola,glue-qqp,glue-rte,glue-sst2,0.6836049856184084,0.0,0.0,0.66,0.5523465703971119,0.43577981651376146,
0.65,glue-cola,glue-qqp,glue-rte,glue-sst2,0.675934803451582,0.0,0.0,0.66,0.34657039711191334,0.36353211009174313,
0.7000000000000001,glue-cola,glue-qqp,glue-rte,glue-sst2,0.6558005752636625,0.0,0.0,0.66,0.16606498194945848,0.2958715596330275,
0.75,glue-cola,glue-qqp,glue-rte,glue-sst2,0.6308724832214765,0.0,0.0,0.66,0.09386281588447654,0.24655963302752293,
0.8,glue-cola,glue-qqp,glue-rte,glue-sst2,0.610738255033557,0.0,0.0,0.66,0.04332129963898917,0.1938073394495413,
0.8500000000000001,glue-cola,glue-qqp,glue-rte,glue-sst2,0.5896452540747843,0.0,0.0,0.66,0.02888086642599278,0.1536697247706422,
0.9,glue-cola,glue-qqp,glue-rte,glue-sst2,0.5647171620325983,0.0,0.0,0.66,0.0036101083032490976,0.12270642201834862,
0.9500000000000001,glue-cola,glue-qqp,glue-rte,glue-sst2,0.5493767976989453,0.0,0.0,0.66,0.0036101083032490976,0.0860091743119266,
1.0,glue-cola,glue-qqp,glue-rte,glue-sst2,0.5254074784276127,0.0,0.0,0.66,0.0,0.0481651376146789,
0.0,glue-cola,glue-qqp,glue-rte,glue-stsb,0.0,0.0,0.0,0.0,0.0,0.0,
0.05,glue-cola,glue-qqp,glue-rte,glue-stsb,0.0,0.0,0.0,0.0,0.0,0.0,
0.1,glue-cola,glue-qqp,glue-rte,glue-stsb,0.0,0.0,0.0,0.0,0.0,0.0,
0.15000000000000002,glue-cola,glue-qqp,glue-rte,glue-stsb,0.0009587727708533077,0.0,0.0,0.0,0.0,0.0,
0.2,glue-cola,glue-qqp,glue-rte,glue-stsb,0.07861936720997123,0.0,0.0,0.0,0.0,0.0,0.0267500194504762
0.25,glue-cola,glue-qqp,glue-rte,glue-stsb,0.3326941514860978,0.0,0.0,0.0,0.0,0.0,0.1784028179087569
0.30000000000000004,glue-cola,glue-qqp,glue-rte,glue-stsb,0.41227229146692235,0.0,0.0,0.04,0.02527075812274368,0.0,0.5045196187735088
0.35000000000000003,glue-cola,glue-qqp,glue-rte,glue-stsb,0.411313518696069,0.0,0.0,0.39125,0.22743682310469315,0.0,0.6872318154858371
0.4,glue-cola,glue-qqp,glue-rte,glue-stsb,0.3566634707574305,0.0,0.0,0.5625,0.37184115523465705,0.0,0.7211820549773389
0.45,glue-cola,glue-qqp,glue-rte,glue-stsb,0.2953020134228188,0.0,0.0,0.584375,0.36462093862815886,0.0,0.7099148283311632
0.5,glue-cola,glue-qqp,glue-rte,glue-stsb,0.22627037392138064,0.0,0.0,0.59625,0.3862815884476534,0.0,0.6881622140864341
0.55,glue-cola,glue-qqp,glue-rte,glue-stsb,0.14956855225311602,0.0,0.0,0.60625,0.3898916967509025,0.0,0.6776067299856716
0.6000000000000001,glue-cola,glue-qqp,glue-rte,glue-stsb,0.10162991371045062,0.0,0.0,0.611875,0.37906137184115524,0.0,0.6632730378691841
0.65,glue-cola,glue-qqp,glue-rte,glue-stsb,0.06423777564717162,0.0,0.0,0.613125,0.37906137184115524,0.0,0.6552067203195556
0.7000000000000001,glue-cola,glue-qqp,glue-rte,glue-stsb,0.045062320230105465,0.0,0.0,0.615,0.38267148014440433,0.0,0.6466618379791685
0.75,glue-cola,glue-qqp,glue-rte,glue-stsb,0.03547459252157239,0.0,0.0,0.613125,0.37906137184115524,0.0,0.6449593650463957
0.8,glue-cola,glue-qqp,glue-rte,glue-stsb,0.032598274209012464,0.0,0.0,0.615,0.35379061371841153,0.0,0.6427949013871616
0.8500000000000001,glue-cola,glue-qqp,glue-rte,glue-stsb,0.029721955896452542,0.0,0.0,0.610625,0.33574007220216606,0.0,0.6362788016895548
0.9,glue-cola,glue-qqp,glue-rte,glue-stsb,0.024928092042186004,0.0,0.0,0.61,0.30685920577617326,0.0,0.6363195125543133
0.9500000000000001,glue-cola,glue-qqp,glue-rte,glue-stsb,0.024928092042186004,0.0,0.0,0.606875,0.26714801444043323,0.0,0.6347812840949429
1.0,glue-cola,glue-qqp,glue-rte,glue-stsb,0.02205177372962608,0.0,0.0,0.604375,0.24548736462093862,0.0,0.6343941198226479
0.0,glue-cola,glue-qqp,glue-sst2,glue-stsb,0.0,0.0,0.0,0.0,0.0,0.0,
0.05,glue-cola,glue-qqp,glue-sst2,glue-stsb,0.0,0.0,0.0,0.0,0.0,0.0,
0.1,glue-cola,glue-qqp,glue-sst2,glue-stsb,0.0,0.0,0.0,0.0,0.0,0.0,
0.15000000000000002,glue-cola,glue-qqp,glue-sst2,glue-stsb,0.013422818791946308,0.0,0.0,0.0,0.0,0.07912844036697247,
0.2,glue-cola,glue-qqp,glue-sst2,glue-stsb,0.28763183125599234,0.0,0.0,0.0,0.0,0.555045871559633,0.0267500194504762
0.25,glue-cola,glue-qqp,glue-sst2,glue-stsb,0.5915627996164909,0.0,0.0,0.0,0.0,0.8486238532110092,0.13969080136403686
0.30000000000000004,glue-cola,glue-qqp,glue-sst2,glue-stsb,0.6538830297219559,0.0,0.0,0.0,0.0,0.8864678899082569,0.4472595453782878
0.35000000000000003,glue-cola,glue-qqp,glue-sst2,glue-stsb,0.6720997123681688,0.0,0.0,0.004375,0.0,0.8830275229357798,0.6451525148419581
0.4,glue-cola,glue-qqp,glue-sst2,glue-stsb,0.6836049856184084,0.0,0.0,0.12,0.0,0.8658256880733946,0.7349847989206648
0.45,glue-cola,glue-qqp,glue-sst2,glue-stsb,0.6874400767018217,0.0,0.0,0.37625,0.0,0.8314220183486238,0.7770940365613679
0.5,glue-cola,glue-qqp,glue-sst2,glue-stsb,0.6874400767018217,0.0,0.0,0.51375,0.0,0.7912844036697247,0.7722617103404763
0.55,glue-cola,glue-qqp,glue-sst2,glue-stsb,0.6922339405560882,0.0,0.0,0.556875,0.0,0.7327981651376146,0.7363869523167749
0.6000000000000001,glue-cola,glue-qqp,glue-sst2,glue-stsb,0.6951102588686481,0.0,0.0,0.5675,0.0,0.658256880733945,0.6615407739030318
0.65,glue-cola,glue-qqp,glue-sst2,glue-stsb,0.6836049856184084,0.0,0.0,0.558125,0.0,0.5711009174311926,0.6077964440509429
0.7000000000000001,glue-cola,glue-qqp,glue-sst2,glue-stsb,0.6836049856184084,0.0,0.0,0.545,0.0,0.48394495412844035,0.570116860595542
0.75,glue-cola,glue-qqp,glue-sst2,glue-stsb,0.6673058485139022,0.0,0.0,0.5375,0.0,0.4048165137614679,0.5519568560352826
0.8,glue-cola,glue-qqp,glue-sst2,glue-stsb,0.6462128475551294,0.0,0.0,0.5275,0.0,0.32454128440366975,0.5221293403810922
0.8500000000000001,glue-cola,glue-qqp,glue-sst2,glue-stsb,0.6404602109300096,0.0,0.0,0.51875,0.0,0.25344036697247707,0.5011764447366285
0.9,glue-cola,glue-qqp,glue-sst2,glue-stsb,0.6356663470757431,0.0,0.0,0.50875,0.0,0.18807339449541285,0.4602707575027399
0.9500000000000001,glue-cola,glue-qqp,glue-sst2,glue-stsb,0.6289549376797698,0.0,0.0,0.50125,0.0,0.13876146788990826,0.4270102375954794
1.0,glue-cola,glue-qqp,glue-sst2,glue-stsb,0.613614573346117,0.0,0.0,0.491875,0.0,0.08830275229357798,0.384623381096619
0.0,glue-cola,glue-rte,glue-sst2,glue-stsb,0.0,0.0,0.0,0.0,0.0,0.0,
0.05,glue-cola,glue-rte,glue-sst2,glue-stsb,0.0,0.0,0.0,0.0,0.0,0.0,
0.1,glue-cola,glue-rte,glue-sst2,glue-stsb,0.0,0.0,0.0,0.0,0.0,0.0,
0.15000000000000002,glue-cola,glue-rte,glue-sst2,glue-stsb,0.026845637583892617,0.0,0.0,0.0,0.0,0.06651376146788991,
0.2,glue-cola,glue-rte,glue-sst2,glue-stsb,0.3940556088207095,0.0,0.0,0.0,0.0,0.3623853211009174,0.0267500194504762
0.25,glue-cola,glue-rte,glue-sst2,glue-stsb,0.6327900287631831,0.0,0.0,0.0,0.0,0.5596330275229358,0.1929552996944812
0.30000000000000004,glue-cola,glue-rte,glue-sst2,glue-stsb,0.663470757430489,0.0,0.0,0.0,0.0,0.6112385321100917,0.4943276963085272
0.35000000000000003,glue-cola,glue-rte,glue-sst2,glue-stsb,0.6816874400767018,0.0,0.0,0.0,0.0036101083032490976,0.5963302752293578,0.6776220649579447
0.4,glue-cola,glue-rte,glue-sst2,glue-stsb,0.6931927133269415,0.0,0.0,0.0,0.0,0.555045871559633,0.7261254857741533
0.45,glue-cola,glue-rte,glue-sst2,glue-stsb,0.7075743048897412,0.0,0.0,0.0,0.0,0.5057339449541285,0.7747515555595798
0.5,glue-cola,glue-rte,glue-sst2,glue-stsb,0.700862895493768,0.0,0.0,0.0,0.0,0.44380733944954126,0.7924713854442377
0.55,glue-cola,glue-rte,glue-sst2,glue-stsb,0.6989453499520614,0.0,0.0,0.0,0.0036101083032490976,0.3853211009174312,0.811671446588953
0.6000000000000001,glue-cola,glue-rte,glue-sst2,glue-stsb,0.7075743048897412,0.0,0.0,0.0,0.018050541516245487,0.31422018348623854,0.8238685782663936
0.65,glue-cola,glue-rte,glue-sst2,glue-stsb,0.7085330776605945,0.0,0.0,0.0,0.036101083032490974,0.24885321100917432,0.8296642993345852
0.7000000000000001,glue-cola,glue-rte,glue-sst2,glue-stsb,0.700862895493768,0.0,0.0,0.0,0.061371841155234655,0.18922018348623854,0.8259971628226278
0.75,glue-cola,glue-rte,glue-sst2,glue-stsb,0.6931927133269415,0.0,0.0,0.0,0.10108303249097472,0.14564220183486237,0.807163699199336
0.8,glue-cola,glue-rte,glue-sst2,glue-stsb,0.6874400767018217,0.0,0.0,0.0,0.16606498194945848,0.09747706422018348,0.797528666403413
0.8500000000000001,glue-cola,glue-rte,glue-sst2,glue-stsb,0.6836049856184084,0.0,0.0,0.0,0.17328519855595667,0.06307339449541284,0.7795721281280878
0.9,glue-cola,glue-rte,glue-sst2,glue-stsb,0.6577181208053692,0.0,0.0,0.0,0.1624548736462094,0.03669724770642202,0.7657802685465306
0.9500000000000001,glue-cola,glue-rte,glue-sst2,glue-stsb,0.6452540747842761,0.0,0.0,0.0,0.148014440433213,0.01261467889908257,0.7535566594809573
1.0,glue-cola,glue-rte,glue-sst2,glue-stsb,0.62607861936721,0.0,0.0,0.0,0.13357400722021662,0.008027522935779817,0.7471233608698894
0.0,glue-mnli,glue-mrpc,glue-qqp,glue-rte,0.0,0.0,0.0,0.0,0.0,0.0,
0.05,glue-mnli,glue-mrpc,glue-qqp,glue-rte,0.0,0.0,0.0,0.0,0.0,0.0,
0.1,glue-mnli,glue-mrpc,glue-qqp,glue-rte,0.0,0.0,0.0,0.0,0.0,0.0,
0.15000000000000002,glue-mnli,glue-mrpc,glue-qqp,glue-rte,0.0,0.0,0.0,0.0,0.010830324909747292,0.0,
0.2,glue-mnli,glue-mrpc,glue-qqp,glue-rte,0.0,0.0025,0.014705882352941176,0.0,0.2888086642599278,0.0,
0.25,glue-mnli,glue-mrpc,glue-qqp,glue-rte,0.0,0.095,0.19607843137254902,0.17875,0.44404332129963897,0.0,
0.30000000000000004,glue-mnli,glue-mrpc,glue-qqp,glue-rte,0.0,0.19375,0.22303921568627452,0.505625,0.5812274368231047,0.0,
0.35000000000000003,glue-mnli,glue-mrpc,glue-qqp,glue-rte,0.0,0.174375,0.15441176470588236,0.625,0.5342960288808665,0.0,
0.4,glue-mnli,glue-mrpc,glue-qqp,glue-rte,0.0,0.16125,0.11519607843137254,0.645625,0.48736462093862815,0.0,
0.45,glue-mnli,glue-mrpc,glue-qqp,glue-rte,0.0,0.145625,0.10049019607843138,0.6525,0.45126353790613716,0.0,
0.5,glue-mnli,glue-mrpc,glue-qqp,glue-rte,0.0,0.135,0.09803921568627451,0.654375,0.4332129963898917,0.0,
0.55,glue-mnli,glue-mrpc,glue-qqp,glue-rte,0.0,0.125625,0.09803921568627451,0.655,0.4007220216606498,0.0,
0.6000000000000001,glue-mnli,glue-mrpc,glue-qqp,glue-rte,0.0,0.113125,0.11029411764705882,0.654375,0.37184115523465705,0.0,
0.65,glue-mnli,glue-mrpc,glue-qqp,glue-rte,0.0,0.111875,0.11519607843137254,0.655625,0.34657039711191334,0.0,
0.7000000000000001,glue-mnli,glue-mrpc,glue-qqp,glue-rte,0.0,0.11,0.12254901960784313,0.655,0.3249097472924188,0.0,
0.75,glue-mnli,glue-mrpc,glue-qqp,glue-rte,0.0,0.109375,0.13480392156862744,0.65,0.3104693140794224,0.0,
0.8,glue-mnli,glue-mrpc,glue-qqp,glue-rte,0.0,0.108125,0.15196078431372548,0.648125,0.296028880866426,0.0,
0.8500000000000001,glue-mnli,glue-mrpc,glue-qqp,glue-rte,0.0,0.1075,0.16666666666666666,0.6325,0.296028880866426,0.0,
0.9,glue-mnli,glue-mrpc,glue-qqp,glue-rte,0.0,0.10375,0.19117647058823528,0.615625,0.2996389891696751,0.0,
0.9500000000000001,glue-mnli,glue-mrpc,glue-qqp,glue-rte,0.0,0.104375,0.19117647058823528,0.578125,0.2996389891696751,0.0,
1.0,glue-mnli,glue-mrpc,glue-qqp,glue-rte,0.0,0.10375,0.2107843137254902,0.513125,0.30324909747292417,0.0,
0.0,glue-mnli,glue-mrpc,glue-qqp,glue-sst2,0.0,0.0,0.0,0.0,0.0,0.0,
0.05,glue-mnli,glue-mrpc,glue-qqp,glue-sst2,0.0,0.0,0.0,0.0,0.0,0.0,
0.1,glue-mnli,glue-mrpc,glue-qqp,glue-sst2,0.0,0.0,0.0,0.0,0.0,0.0,
0.15000000000000002,glue-mnli,glue-mrpc,glue-qqp,glue-sst2,0.0,0.0,0.0,0.0,0.0,0.05619266055045872,
0.2,glue-mnli,glue-mrpc,glue-qqp,glue-sst2,0.0,0.0,0.0,0.0,0.0,0.5229357798165137,
0.25,glue-mnli,glue-mrpc,glue-qqp,glue-sst2,0.0,0.014375,0.09313725490196079,0.0075,0.0,0.8853211009174312,
0.30000000000000004,glue-mnli,glue-mrpc,glue-qqp,glue-sst2,0.0,0.094375,0.3161764705882353,0.171875,0.0,0.9002293577981652,
0.35000000000000003,glue-mnli,glue-mrpc,glue-qqp,glue-sst2,0.0,0.230625,0.5122549019607843,0.35875,0.018050541516245487,0.8967889908256881,
0.4,glue-mnli,glue-mrpc,glue-qqp,glue-sst2,0.0,0.378125,0.5784313725490197,0.458125,0.018050541516245487,0.8910550458715596,
0.45,glue-mnli,glue-mrpc,glue-qqp,glue-sst2,0.0,0.40125,0.625,0.486875,0.01444043321299639,0.8635321100917431,
0.5,glue-mnli,glue-mrpc,glue-qqp,glue-sst2,0.0,0.39,0.6421568627450981,0.471875,0.01444043321299639,0.8314220183486238,
0.55,glue-mnli,glue-mrpc,glue-qqp,glue-sst2,0.0,0.366875,0.6470588235294118,0.438125,0.010830324909747292,0.7729357798165137,
0.6000000000000001,glue-mnli,glue-mrpc,glue-qqp,glue-sst2,0.0,0.34,0.6617647058823529,0.40375,0.0036101083032490976,0.6869266055045872,
0.65,glue-mnli,glue-mrpc,glue-qqp,glue-sst2,0.0,0.321875,0.6691176470588235,0.373125,0.0036101083032490976,0.5997706422018348,
0.7000000000000001,glue-mnli,glue-mrpc,glue-qqp,glue-sst2,0.0,0.295625,0.6691176470588235,0.3625,0.0,0.49770642201834864,
0.75,glue-mnli,glue-mrpc,glue-qqp,glue-sst2,0.0,0.275625,0.6838235294117647,0.374375,0.0,0.4139908256880734,
0.8,glue-mnli,glue-mrpc,glue-qqp,glue-sst2,0.0,0.248125,0.6838235294117647,0.408125,0.0,0.2981651376146789,
0.8500000000000001,glue-mnli,glue-mrpc,glue-qqp,glue-sst2,0.0,0.214375,0.6911764705882353,0.450625,0.0,0.23738532110091742,
0.9,glue-mnli,glue-mrpc,glue-qqp,glue-sst2,0.0,0.1875,0.6936274509803921,0.496875,0.0,0.18577981651376146,
0.9500000000000001,glue-mnli,glue-mrpc,glue-qqp,glue-sst2,0.0,0.144375,0.6862745098039216,0.52375,0.0,0.13646788990825687,
1.0,glue-mnli,glue-mrpc,glue-qqp,glue-sst2,0.0,0.104375,0.6936274509803921,0.54375,0.0,0.10665137614678899,
0.0,glue-mnli,glue-mrpc,glue-qqp,glue-stsb,0.0,0.0,0.0,0.0,0.0,0.0,
0.05,glue-mnli,glue-mrpc,glue-qqp,glue-stsb,0.0,0.0,0.0,0.0,0.0,0.0,
0.1,glue-mnli,glue-mrpc,glue-qqp,glue-stsb,0.0,0.0,0.0,0.0,0.0,0.0,
0.15000000000000002,glue-mnli,glue-mrpc,glue-qqp,glue-stsb,0.0,0.0,0.0,0.0,0.0,0.0,
0.2,glue-mnli,glue-mrpc,glue-qqp,glue-stsb,0.0,0.0,0.0,0.0,0.0,0.0,0.06577720304974341
0.25,glue-mnli,glue-mrpc,glue-qqp,glue-stsb,0.0,0.000625,0.022058823529411766,0.00125,0.0,0.0,0.4875179861395493
0.30000000000000004,glue-mnli,glue-mrpc,glue-qqp,glue-stsb,0.0,0.023125,0.19852941176470587,0.04375,0.036101083032490974,0.0,0.6983727133846702
0.35000000000000003,glue-mnli,glue-mrpc,glue-qqp,glue-stsb,0.0,0.100625,0.23284313725490197,0.125,0.06498194945848375,0.0,0.7286782130768894
0.4,glue-mnli,glue-mrpc,glue-qqp,glue-stsb,0.0,0.13125,0.24509803921568626,0.173125,0.02888086642599278,0.0,0.7333155180059773
0.45,glue-mnli,glue-mrpc,glue-qqp,glue-stsb,0.0,0.09625,0.2622549019607843,0.1825,0.0,0.0,0.7140224766405442
0.5,glue-mnli,glue-mrpc,glue-qqp,glue-stsb,0.0,0.066875,0.27941176470588236,0.17,0.0,0.0,0.6936835322642823
0.55,glue-mnli,glue-mrpc,glue-qqp,glue-stsb,0.0,0.038125,0.3014705882352941,0.149375,0.0,0.0,0.6854958201426276
0.6000000000000001,glue-mnli,glue-mrpc,glue-qqp,glue-stsb,0.0,0.0275,0.3553921568627451,0.121875,0.0,0.0,0.6753573729060363
0.65,glue-mnli,glue-mrpc,glue-qqp,glue-stsb,0.0,0.018125,0.375,0.10125,0.0,0.0,0.665215231509247
0.7000000000000001,glue-mnli,glue-mrpc,glue-qqp,glue-stsb,0.0,0.01375,0.39705882352941174,0.0875,0.0,0.0,0.6616294691808348
0.75,glue-mnli,glue-mrpc,glue-qqp,glue-stsb,0.0,0.009375,0.4387254901960784,0.07875,0.0,0.0,0.6579331979980123
0.8,glue-mnli,glue-mrpc,glue-qqp,glue-stsb,0.0,0.010625,0.5147058823529411,0.07,0.0,0.0,0.6463379554204017
0.8500000000000001,glue-mnli,glue-mrpc,glue-qqp,glue-stsb,0.0,0.008125,0.5882352941176471,0.065625,0.0,0.0,0.6360800069109253
0.9,glue-mnli,glue-mrpc,glue-qqp,glue-stsb,0.0,0.009375,0.6348039215686274,0.061875,0.0,0.0,0.6231716669555301
0.9500000000000001,glue-mnli,glue-mrpc,glue-qqp,glue-stsb,0.0,0.00875,0.6764705882352942,0.0575,0.0,0.0,0.6035528105967513
1.0,glue-mnli,glue-mrpc,glue-qqp,glue-stsb,0.0,0.010625,0.7328431372549019,0.0575,0.0,0.0,0.5734492608947125
0.0,glue-mnli,glue-mrpc,glue-rte,glue-sst2,0.0,0.0,0.0,0.0,0.0,0.0,
0.05,glue-mnli,glue-mrpc,glue-rte,glue-sst2,0.0,0.0,0.0,0.0,0.0,0.0,
0.1,glue-mnli,glue-mrpc,glue-rte,glue-sst2,0.0,0.0,0.0,0.0,0.0,0.0,
0.15000000000000002,glue-mnli,glue-mrpc,glue-rte,glue-sst2,0.0,0.0,0.0,0.0,0.01444043321299639,0.0768348623853211,
0.2,glue-mnli,glue-mrpc,glue-rte,glue-sst2,0.0,0.00125,0.0,0.0,0.36823104693140796,0.5458715596330275,
0.25,glue-mnli,glue-mrpc,glue-rte,glue-sst2,0.0,0.100625,0.11274509803921569,0.0,0.5415162454873647,0.8451834862385321,
0.30000000000000004,glue-mnli,glue-mrpc,glue-rte,glue-sst2,0.0,0.3475,0.21323529411764705,0.0,0.7328519855595668,0.8899082568807339,
0.35000000000000003,glue-mnli,glue-mrpc,glue-rte,glue-sst2,0.0,0.391875,0.19362745098039216,0.0,0.7833935018050542,0.8715596330275229,
0.4,glue-mnli,glue-mrpc,glue-rte,glue-sst2,0.0,0.4175,0.15931372549019607,0.0,0.7653429602888087,0.8302752293577982,
0.45,glue-mnli,glue-mrpc,glue-rte,glue-sst2,0.0,0.44125,0.14215686274509803,0.0,0.6895306859205776,0.75,
0.5,glue-mnli,glue-mrpc,glue-rte,glue-sst2,0.0,0.445625,0.13480392156862744,0.0,0.6534296028880866,0.6364678899082569,
0.55,glue-mnli,glue-mrpc,glue-rte,glue-sst2,0.0,0.43875,0.12990196078431374,0.0,0.5740072202166066,0.5160550458715596,
0.6000000000000001,glue-mnli,glue-mrpc,glue-rte,glue-sst2,0.0,0.433125,0.13725490196078433,0.0,0.5306859205776173,0.393348623853211,
0.65,glue-mnli,glue-mrpc,glue-rte,glue-sst2,0.0,0.425,0.13725490196078433,0.0,0.4548736462093863,0.28784403669724773,
0.7000000000000001,glue-mnli,glue-mrpc,glue-rte,glue-sst2,0.0,0.4125,0.12745098039215685,0.0,0.4404332129963899,0.20527522935779816,
0.75,glue-mnli,glue-mrpc,glue-rte,glue-sst2,0.0,0.398125,0.12745098039215685,0.0,0.4296028880866426,0.143348623853211,
0.8,glue-mnli,glue-mrpc,glue-rte,glue-sst2,0.0,0.389375,0.12990196078431374,0.0,0.41155234657039713,0.10550458715596331,
0.8500000000000001,glue-mnli,glue-mrpc,glue-rte,glue-sst2,0.0,0.37625,0.125,0.0,0.4043321299638989,0.05733944954128441,
0.9,glue-mnli,glue-mrpc,glue-rte,glue-sst2,0.0,0.366875,0.10784313725490197,0.0,0.41155234657039713,0.034403669724770644,
0.9500000000000001,glue-mnli,glue-mrpc,glue-rte,glue-sst2,0.0,0.359375,0.10049019607843138,0.0,0.4043321299638989,0.020642201834862386,
1.0,glue-mnli,glue-mrpc,glue-rte,glue-sst2,0.0,0.35625,0.10294117647058823,0.0,0.40794223826714804,0.009174311926605505,
0.0,glue-mnli,glue-mrpc,glue-rte,glue-stsb,0.0,0.0,0.0,0.0,0.0,0.0,
0.05,glue-mnli,glue-mrpc,glue-rte,glue-stsb,0.0,0.0,0.0,0.0,0.0,0.0,
0.1,glue-mnli,glue-mrpc,glue-rte,glue-stsb,0.0,0.0,0.0,0.0,0.0,0.0,
0.15000000000000002,glue-mnli,glue-mrpc,glue-rte,glue-stsb,0.0,0.0,0.0,0.0,0.039711191335740074,0.0,
0.2,glue-mnli,glue-mrpc,glue-rte,glue-stsb,0.0,0.004375,0.0,0.0,0.3862815884476534,0.0,0.08543034664295218
0.25,glue-mnli,glue-mrpc,glue-rte,glue-stsb,0.0,0.151875,0.014705882352941176,0.0,0.5090252707581228,0.0,0.16635300971742695
0.30000000000000004,glue-mnli,glue-mrpc,glue-rte,glue-stsb,0.0,0.32125,0.13480392156862744,0.0,0.6498194945848376,0.0,0.06509551765329173
0.35000000000000003,glue-mnli,glue-mrpc,glue-rte,glue-stsb,0.0,0.336875,0.14460784313725492,0.0,0.7509025270758123,0.0,0.033706218704896915
0.4,glue-mnli,glue-mrpc,glue-rte,glue-stsb,0.0,0.333125,0.13725490196078433,0.0,0.779783393501805,0.0,
0.45,glue-mnli,glue-mrpc,glue-rte,glue-stsb,0.0,0.326875,0.13480392156862744,0.0,0.7509025270758123,0.0,
0.5,glue-mnli,glue-mrpc,glue-rte,glue-stsb,0.0,0.3225,0.125,0.0,0.6750902527075813,0.0,
0.55,glue-mnli,glue-mrpc,glue-rte,glue-stsb,0.0,0.318125,0.12990196078431374,0.0,0.6137184115523465,0.0,
0.6000000000000001,glue-mnli,glue-mrpc,glue-rte,glue-stsb,0.0,0.31,0.11764705882352941,0.0,0.5776173285198556,0.0,
0.65,glue-mnli,glue-mrpc,glue-rte,glue-stsb,0.0,0.295625,0.11764705882352941,0.0,0.5306859205776173,0.0,
0.7000000000000001,glue-mnli,glue-mrpc,glue-rte,glue-stsb,0.0,0.28625,0.1053921568627451,0.0,0.5054151624548736,0.0,
0.75,glue-mnli,glue-mrpc,glue-rte,glue-stsb,0.0,0.283125,0.09068627450980392,0.0,0.48375451263537905,0.0,0.049415348413731686
0.8,glue-mnli,glue-mrpc,glue-rte,glue-stsb,0.0,0.27875,0.06862745098039216,0.0,0.45126353790613716,0.0,0.07905070686751528
0.8500000000000001,glue-mnli,glue-mrpc,glue-rte,glue-stsb,0.0,0.2775,0.05392156862745098,0.0,0.44765342960288806,0.0,0.09859569078884023
0.9,glue-mnli,glue-mrpc,glue-rte,glue-stsb,0.0,0.274375,0.049019607843137254,0.0,0.4404332129963899,0.0,0.13461153335025186
0.9500000000000001,glue-mnli,glue-mrpc,glue-rte,glue-stsb,0.0,0.27625,0.0392156862745098,0.0,0.44404332129963897,0.0,0.16090372573107153
1.0,glue-mnli,glue-mrpc,glue-rte,glue-stsb,0.0,0.279375,0.029411764705882353,0.0,0.44765342960288806,0.0,0.16946064545713385
0.0,glue-mnli,glue-mrpc,glue-sst2,glue-stsb,0.0,0.0,0.0,0.0,0.0,0.0,
0.05,glue-mnli,glue-mrpc,glue-sst2,glue-stsb,0.0,0.0,0.0,0.0,0.0,0.0,
0.1,glue-mnli,glue-mrpc,glue-sst2,glue-stsb,0.0,0.0,0.0,0.0,0.0,0.0,
0.15000000000000002,glue-mnli,glue-mrpc,glue-sst2,glue-stsb,0.0,0.0,0.0,0.0,0.0,0.04931192660550459,
0.2,glue-mnli,glue-mrpc,glue-sst2,glue-stsb,0.0,0.0,0.0,0.0,0.0,0.3474770642201835,0.10350203604611366
0.25,glue-mnli,glue-mrpc,glue-sst2,glue-stsb,0.0,0.013125,0.0,0.0,0.0,0.6811926605504587,0.5007487565423354
0.30000000000000004,glue-mnli,glue-mrpc,glue-sst2,glue-stsb,0.0,0.093125,0.0,0.0,0.01444043321299639,0.8176605504587156,0.7055431938816012
0.35000000000000003,glue-mnli,glue-mrpc,glue-sst2,glue-stsb,0.0,0.248125,0.007352941176470588,0.0,0.02888086642599278,0.8360091743119266,0.7515273840076749
0.4,glue-mnli,glue-mrpc,glue-sst2,glue-stsb,0.0,0.36,0.00980392156862745,0.0,0.007220216606498195,0.819954128440367,0.7804685082644582
0.45,glue-mnli,glue-mrpc,glue-sst2,glue-stsb,0.0,0.385625,0.007352941176470588,0.0,0.0036101083032490976,0.7786697247706422,0.8044485017916163
0.5,glue-mnli,glue-mrpc,glue-sst2,glue-stsb,0.0,0.381875,0.022058823529411766,0.0,0.0,0.7247706422018348,0.8268809350252598
0.55,glue-mnli,glue-mrpc,glue-sst2,glue-stsb,0.0,0.37,0.022058823529411766,0.0,0.0,0.6639908256880734,0.8306730798384089
0.6000000000000001,glue-mnli,glue-mrpc,glue-sst2,glue-stsb,0.0,0.363125,0.022058823529411766,0.0,0.0,0.5825688073394495,0.8114441371021484
0.65,glue-mnli,glue-mrpc,glue-sst2,glue-stsb,0.0,0.368125,0.022058823529411766,0.0,0.0,0.5022935779816514,0.7994603454987455
0.7000000000000001,glue-mnli,glue-mrpc,glue-sst2,glue-stsb,0.0,0.37375,0.02696078431372549,0.0,0.0,0.4048165137614679,0.7887523870640875
0.75,glue-mnli,glue-mrpc,glue-sst2,glue-stsb,0.0,0.385,0.024509803921568627,0.0,0.0,0.3130733944954128,0.7840022037702936
0.8,glue-mnli,glue-mrpc,glue-sst2,glue-stsb,0.0,0.391875,0.03431372549019608,0.0,0.0,0.24541284403669725,0.7767219466633074
0.8500000000000001,glue-mnli,glue-mrpc,glue-sst2,glue-stsb,0.0,0.394375,0.031862745098039214,0.0,0.0,0.18922018348623854,0.777348475455829
0.9,glue-mnli,glue-mrpc,glue-sst2,glue-stsb,0.0,0.399375,0.0392156862745098,0.0,0.0,0.12614678899082568,0.7788443149140335
0.9500000000000001,glue-mnli,glue-mrpc,glue-sst2,glue-stsb,0.0,0.389375,0.041666666666666664,0.0,0.0,0.08027522935779817,0.7763951739362699
1.0,glue-mnli,glue-mrpc,glue-sst2,glue-stsb,0.0,0.38125,0.04411764705882353,0.0,0.0,0.04472477064220184,0.7695735961753936
0.0,glue-mnli,glue-qqp,glue-rte,glue-sst2,0.0,0.0,0.0,0.0,0.0,0.0,
0.05,glue-mnli,glue-qqp,glue-rte,glue-sst2,0.0,0.0,0.0,0.0,0.0,0.0,
0.1,glue-mnli,glue-qqp,glue-rte,glue-sst2,0.0,0.0,0.0,0.0,0.0,0.0,
0.15000000000000002,glue-mnli,glue-qqp,glue-rte,glue-sst2,0.0,0.0,0.0,0.0,0.0,0.013761467889908258,
0.2,glue-mnli,glue-qqp,glue-rte,glue-sst2,0.0,0.0,0.0,0.0,0.2563176895306859,0.22477064220183487,
0.25,glue-mnli,glue-qqp,glue-rte,glue-sst2,0.0,0.0725,0.0,0.00125,0.5306859205776173,0.6811926605504587,
0.30000000000000004,glue-mnli,glue-qqp,glue-rte,glue-sst2,0.0,0.343125,0.0,0.273125,0.6606498194945848,0.8669724770642202,
0.35000000000000003,glue-mnli,glue-qqp,glue-rte,glue-sst2,0.0,0.44125,0.0,0.580625,0.776173285198556,0.9025229357798165,
0.4,glue-mnli,glue-qqp,glue-rte,glue-sst2,0.0,0.49625,0.0,0.614375,0.7978339350180506,0.9059633027522935,
0.45,glue-mnli,glue-qqp,glue-rte,glue-sst2,0.0,0.54625,0.0,0.620625,0.8267148014440433,0.8910550458715596,
0.5,glue-mnli,glue-qqp,glue-rte,glue-sst2,0.0,0.57,0.0,0.62125,0.8194945848375451,0.856651376146789,
0.55,glue-mnli,glue-qqp,glue-rte,glue-sst2,0.0,0.5875,0.0,0.621875,0.8231046931407943,0.8176605504587156,
0.6000000000000001,glue-mnli,glue-qqp,glue-rte,glue-sst2,0.0,0.585625,0.0,0.625,0.7870036101083032,0.7660550458715596,
0.65,glue-mnli,glue-qqp,glue-rte,glue-sst2,0.0,0.57875,0.0,0.6225,0.7581227436823105,0.698394495412844,
0.7000000000000001,glue-mnli,glue-qqp,glue-rte,glue-sst2,0.0,0.5675,0.0,0.6175,0.7328519855595668,0.6422018348623854,
0.75,glue-mnli,glue-qqp,glue-rte,glue-sst2,0.0,0.554375,0.0,0.608125,0.7111913357400722,0.5619266055045872,
0.8,glue-mnli,glue-qqp,glue-rte,glue-sst2,0.0,0.5425,0.0,0.589375,0.6570397111913358,0.49426605504587157,
0.8500000000000001,glue-mnli,glue-qqp,glue-rte,glue-sst2,0.0,0.528125,0.0,0.564375,0.628158844765343,0.40825688073394495,
0.9,glue-mnli,glue-qqp,glue-rte,glue-sst2,0.0,0.51375,0.0,0.524375,0.6209386281588448,0.3463302752293578,
0.9500000000000001,glue-mnli,glue-qqp,glue-rte,glue-sst2,0.0,0.490625,0.0,0.484375,0.5812274368231047,0.2706422018348624,
1.0,glue-mnli,glue-qqp,glue-rte,glue-sst2,0.0,0.470625,0.0,0.4425,0.5379061371841155,0.21674311926605505,
0.0,glue-mnli,glue-qqp,glue-rte,glue-stsb,0.0,0.0,0.0,0.0,0.0,0.0,
0.05,glue-mnli,glue-qqp,glue-rte,glue-stsb,0.0,0.0,0.0,0.0,0.0,0.0,
0.1,glue-mnli,glue-qqp,glue-rte,glue-stsb,0.0,0.0,0.0,0.0,0.0,0.0,
0.15000000000000002,glue-mnli,glue-qqp,glue-rte,glue-stsb,0.0,0.0,0.0,0.0,0.007220216606498195,0.0,
0.2,glue-mnli,glue-qqp,glue-rte,glue-stsb,0.0,0.00125,0.0,0.0,0.33935018050541516,0.0,
0.25,glue-mnli,glue-qqp,glue-rte,glue-stsb,0.0,0.10625,0.0,0.0,0.5054151624548736,0.0,0.05906612372359296
0.30000000000000004,glue-mnli,glue-qqp,glue-rte,glue-stsb,0.0,0.314375,0.0,0.014375,0.5415162454873647,0.0,
0.35000000000000003,glue-mnli,glue-qqp,glue-rte,glue-stsb,0.0,0.349375,0.0,0.174375,0.6425992779783394,0.0,
0.4,glue-mnli,glue-qqp,glue-rte,glue-stsb,0.0,0.348125,0.0,0.35625,0.703971119133574,0.0,
0.45,glue-mnli,glue-qqp,glue-rte,glue-stsb,0.0,0.34875,0.0,0.371875,0.7472924187725631,0.0,
0.5,glue-mnli,glue-qqp,glue-rte,glue-stsb,0.0,0.350625,0.0,0.361875,0.7978339350180506,0.0,
0.55,glue-mnli,glue-qqp,glue-rte,glue-stsb,0.0,0.354375,0.0,0.344375,0.8050541516245487,0.0,
0.6000000000000001,glue-mnli,glue-qqp,glue-rte,glue-stsb,0.0,0.35625,0.0,0.3225,0.7978339350180506,0.0,
0.65,glue-mnli,glue-qqp,glue-rte,glue-stsb,0.0,0.34875,0.0,0.3025,0.776173285198556,0.0,
0.7000000000000001,glue-mnli,glue-qqp,glue-rte,glue-stsb,0.0,0.33875,0.0,0.286875,0.7364620938628159,0.0,
0.75,glue-mnli,glue-qqp,glue-rte,glue-stsb,0.0,0.324375,0.0,0.264375,0.703971119133574,0.0,
0.8,glue-mnli,glue-qqp,glue-rte,glue-stsb,0.0,0.30875,0.0,0.2425,0.6750902527075813,0.0,
0.8500000000000001,glue-mnli,glue-qqp,glue-rte,glue-stsb,0.0,0.299375,0.0,0.219375,0.6353790613718412,0.0,0.05110476203471396
0.9,glue-mnli,glue-qqp,glue-rte,glue-stsb,0.0,0.285625,0.0,0.199375,0.5884476534296029,0.0,0.05110476203471396
0.9500000000000001,glue-mnli,glue-qqp,glue-rte,glue-stsb,0.0,0.27375,0.0,0.180625,0.5703971119133574,0.0,0.05110476203471396
1.0,glue-mnli,glue-qqp,glue-rte,glue-stsb,0.0,0.270625,0.0,0.159375,0.555956678700361,0.0,0.05110476203471396
0.0,glue-mnli,glue-qqp,glue-sst2,glue-stsb,0.0,0.0,0.0,0.0,0.0,0.0,
0.05,glue-mnli,glue-qqp,glue-sst2,glue-stsb,0.0,0.0,0.0,0.0,0.0,0.0,
0.1,glue-mnli,glue-qqp,glue-sst2,glue-stsb,0.0,0.0,0.0,0.0,0.0,0.0,
0.15000000000000002,glue-mnli,glue-qqp,glue-sst2,glue-stsb,0.0,0.0,0.0,0.0,0.0,0.005733944954128441,
0.2,glue-mnli,glue-qqp,glue-sst2,glue-stsb,0.0,0.0,0.0,0.0,0.0,0.11123853211009174,
0.25,glue-mnli,glue-qqp,glue-sst2,glue-stsb,0.0,0.00875,0.0,0.0,0.0,0.4013761467889908,0.22594839437283157
0.30000000000000004,glue-mnli,glue-qqp,glue-sst2,glue-stsb,0.0,0.06875,0.0,0.0,0.0,0.6674311926605505,0.562341361321874
0.35000000000000003,glue-mnli,glue-qqp,glue-sst2,glue-stsb,0.0,0.175,0.0,0.000625,0.032490974729241874,0.8268348623853211,0.6843883555376533
0.4,glue-mnli,glue-qqp,glue-sst2,glue-stsb,0.0,0.314375,0.0,0.019375,0.02888086642599278,0.8738532110091743,0.7534955008448033
0.45,glue-mnli,glue-qqp,glue-sst2,glue-stsb,0.0,0.39875,0.0,0.148125,0.01444043321299639,0.8692660550458715,0.7923665878346381
0.5,glue-mnli,glue-qqp,glue-sst2,glue-stsb,0.0,0.421875,0.0,0.283125,0.0,0.8497706422018348,0.8228633585913128
0.55,glue-mnli,glue-qqp,glue-sst2,glue-stsb,0.0,0.418125,0.0,0.370625,0.0,0.8360091743119266,0.8442983280212095
0.6000000000000001,glue-mnli,glue-qqp,glue-sst2,glue-stsb,0.0,0.4275,0.0,0.426875,0.0,0.8119266055045872,0.8409340657758203
0.65,glue-mnli,glue-qqp,glue-sst2,glue-stsb,0.0,0.430625,0.0,0.454375,0.0,0.7614678899082569,0.8294976693520486
0.7000000000000001,glue-mnli,glue-qqp,glue-sst2,glue-stsb,0.0,0.4425,0.0,0.483125,0.0,0.7396788990825688,0.8195380445886479
0.75,glue-mnli,glue-qqp,glue-sst2,glue-stsb,0.0,0.450625,0.0,0.49625,0.0,0.6972477064220184,0.8092343525749517
0.8,glue-mnli,glue-qqp,glue-sst2,glue-stsb,0.0,0.4625,0.0,0.50625,0.0,0.6536697247706422,0.7995247551748723
0.8500000000000001,glue-mnli,glue-qqp,glue-sst2,glue-stsb,0.0,0.473125,0.0,0.50625,0.0,0.6192660550458715,0.7904440808410126
0.9,glue-mnli,glue-qqp,glue-sst2,glue-stsb,0.0,0.481875,0.0,0.500625,0.0,0.5527522935779816,0.7891856439050932
0.9500000000000001,glue-mnli,glue-qqp,glue-sst2,glue-stsb,0.0,0.479375,0.0,0.5,0.0,0.4782110091743119,0.7886221931518623
1.0,glue-mnli,glue-qqp,glue-sst2,glue-stsb,0.0,0.475625,0.0,0.493125,0.0,0.41628440366972475,0.781843961383305
0.0,glue-mnli,glue-rte,glue-sst2,glue-stsb,0.0,0.0,0.0,0.0,0.0,0.0,
0.05,glue-mnli,glue-rte,glue-sst2,glue-stsb,0.0,0.0,0.0,0.0,0.0,0.0,
0.1,glue-mnli,glue-rte,glue-sst2,glue-stsb,0.0,0.0,0.0,0.0,0.0,0.0,
0.15000000000000002,glue-mnli,glue-rte,glue-sst2,glue-stsb,0.0,0.0,0.0,0.0,0.007220216606498195,0.0022935779816513763,
0.2,glue-mnli,glue-rte,glue-sst2,glue-stsb,0.0,0.000625,0.0,0.0,0.2563176895306859,0.052752293577981654,
0.25,glue-mnli,glue-rte,glue-sst2,glue-stsb,0.0,0.093125,0.0,0.0,0.48736462093862815,0.14220183486238533,0.0859784912771245
0.30000000000000004,glue-mnli,glue-rte,glue-sst2,glue-stsb,0.0,0.3125,0.0,0.0,0.51985559566787,0.2098623853211009,0.055032648703497763
0.35000000000000003,glue-mnli,glue-rte,glue-sst2,glue-stsb,0.0,0.393125,0.0,0.0,0.5234657039711191,0.2396788990825688,
0.4,glue-mnli,glue-rte,glue-sst2,glue-stsb,0.0,0.42625,0.0,0.0,0.5270758122743683,0.24197247706422018,
0.45,glue-mnli,glue-rte,glue-sst2,glue-stsb,0.0,0.4625,0.0,0.0,0.5270758122743683,0.2305045871559633,
0.5,glue-mnli,glue-rte,glue-sst2,glue-stsb,0.0,0.509375,0.0,0.0,0.5270758122743683,0.21330275229357798,
0.55,glue-mnli,glue-rte,glue-sst2,glue-stsb,0.0,0.559375,0.0,0.0,0.5270758122743683,0.1811926605504587,0.03854271775732677
0.6000000000000001,glue-mnli,glue-rte,glue-sst2,glue-stsb,0.0,0.608125,0.0,0.0,0.5270758122743683,0.15481651376146788,0.07051090169804201
0.65,glue-mnli,glue-rte,glue-sst2,glue-stsb,0.0,0.64625,0.0,0.0,0.5270758122743683,0.12270642201834862,0.09014973824936254
0.7000000000000001,glue-mnli,glue-rte,glue-sst2,glue-stsb,0.0,0.681875,0.0,0.0,0.5270758122743683,0.0871559633027523,0.12392149446536457
0.75,glue-mnli,glue-rte,glue-sst2,glue-stsb,0.0,0.70625,0.0,0.0,0.5270758122743683,0.05733944954128441,0.2120059901744431
0.8,glue-mnli,glue-rte,glue-sst2,glue-stsb,0.0,0.7275,0.0,0.0,0.5234657039711191,0.0389908256880734,0.23427269244585702
0.8500000000000001,glue-mnli,glue-rte,glue-sst2,glue-stsb,0.0,0.741875,0.0,0.0,0.51985559566787,0.021788990825688075,0.18685345468878894
0.9,glue-mnli,glue-rte,glue-sst2,glue-stsb,0.0,0.749375,0.0,0.0,0.516245487364621,0.017201834862385322,0.19194632819023405
0.9500000000000001,glue-mnli,glue-rte,glue-sst2,glue-stsb,0.0,0.756875,0.0,0.0,0.516245487364621,0.010321100917431193,0.2640480980760202
1.0,glue-mnli,glue-rte,glue-sst2,glue-stsb,0.0,0.75125,0.0,0.0,0.516245487364621,0.009174311926605505,0.3161156087551259
0.0,glue-mrpc,glue-qqp,glue-rte,glue-sst2,0.0,0.0,0.0,0.0,0.0,0.0,
0.05,glue-mrpc,glue-qqp,glue-rte,glue-sst2,0.0,0.0,0.0,0.0,0.0,0.0,
0.1,glue-mrpc,glue-qqp,glue-rte,glue-sst2,0.0,0.0,0.0,0.0,0.0,0.0,
0.15000000000000002,glue-mrpc,glue-qqp,glue-rte,glue-sst2,0.0,0.0,0.0,0.0,0.0,0.013761467889908258,
0.2,glue-mrpc,glue-qqp,glue-rte,glue-sst2,0.0,0.0,0.01715686274509804,0.000625,0.0,0.26605504587155965,
0.25,glue-mrpc,glue-qqp,glue-rte,glue-sst2,0.0,0.0,0.18872549019607843,0.186875,0.021660649819494584,0.5355504587155964,
0.30000000000000004,glue-mrpc,glue-qqp,glue-rte,glue-sst2,0.0,0.0,0.3137254901960784,0.5325,0.05415162454873646,0.43922018348623854,
0.35000000000000003,glue-mrpc,glue-qqp,glue-rte,glue-sst2,0.0,0.0,0.3161764705882353,0.6375,0.06498194945848375,0.28325688073394495,
0.4,glue-mrpc,glue-qqp,glue-rte,glue-sst2,0.0,0.0,0.3161764705882353,0.656875,0.05054151624548736,0.16857798165137614,
0.45,glue-mrpc,glue-qqp,glue-rte,glue-sst2,0.0,0.0,0.3161764705882353,0.66,0.02888086642599278,0.11123853211009174,
0.5,glue-mrpc,glue-qqp,glue-rte,glue-sst2,0.0,0.0,0.31862745098039214,0.66,0.010830324909747292,0.06422018348623854,
0.55,glue-mrpc,glue-qqp,glue-rte,glue-sst2,0.0,0.0,0.3284313725490196,0.66,0.0036101083032490976,0.033256880733944956,
0.6000000000000001,glue-mrpc,glue-qqp,glue-rte,glue-sst2,0.0,0.0,0.33088235294117646,0.66,0.0,0.014908256880733946,
0.65,glue-mrpc,glue-qqp,glue-rte,glue-sst2,0.0,0.0,0.34068627450980393,0.66,0.0,0.009174311926605505,
0.7000000000000001,glue-mrpc,glue-qqp,glue-rte,glue-sst2,0.0,0.0,0.3431372549019608,0.659375,0.0,0.0045871559633027525,
0.75,glue-mrpc,glue-qqp,glue-rte,glue-sst2,0.0,0.0,0.35294117647058826,0.659375,0.0,0.0022935779816513763,
0.8,glue-mrpc,glue-qqp,glue-rte,glue-sst2,0.0,0.0,0.36519607843137253,0.659375,0.0,0.0022935779816513763,
0.8500000000000001,glue-mrpc,glue-qqp,glue-rte,glue-sst2,0.0,0.0,0.37745098039215685,0.659375,0.0,0.0011467889908256881,
0.9,glue-mrpc,glue-qqp,glue-rte,glue-sst2,0.0,0.0,0.38235294117647056,0.659375,0.0,0.0,
0.9500000000000001,glue-mrpc,glue-qqp,glue-rte,glue-sst2,0.0,0.0,0.39215686274509803,0.65875,0.0,0.0,
1.0,glue-mrpc,glue-qqp,glue-rte,glue-sst2,0.0,0.0,0.40441176470588236,0.65875,0.0,0.0,
0.0,glue-mrpc,glue-qqp,glue-rte,glue-stsb,0.0,0.0,0.0,0.0,0.0,0.0,
0.05,glue-mrpc,glue-qqp,glue-rte,glue-stsb,0.0,0.0,0.0,0.0,0.0,0.0,
0.1,glue-mrpc,glue-qqp,glue-rte,glue-stsb,0.0,0.0,0.0,0.0,0.0,0.0,-0.01764426506164223
0.15000000000000002,glue-mrpc,glue-qqp,glue-rte,glue-stsb,0.0,0.0,0.0,0.0,0.0,0.0,
0.2,glue-mrpc,glue-qqp,glue-rte,glue-stsb,0.0,0.0,0.004901960784313725,0.000625,0.0,0.0,0.033875382310788474
0.25,glue-mrpc,glue-qqp,glue-rte,glue-stsb,0.0,0.0,0.1568627450980392,0.075625,0.010830324909747292,0.0,0.3280056423029401
0.30000000000000004,glue-mrpc,glue-qqp,glue-rte,glue-stsb,0.0,0.0,0.2965686274509804,0.36,0.1624548736462094,0.0,0.5684480198801221
0.35000000000000003,glue-mrpc,glue-qqp,glue-rte,glue-stsb,0.0,0.0,0.3088235294117647,0.570625,0.21660649819494585,0.0,0.5956577708315767
0.4,glue-mrpc,glue-qqp,glue-rte,glue-stsb,0.0,0.0,0.3161764705882353,0.629375,0.1552346570397112,0.0,0.5772928618986903
0.45,glue-mrpc,glue-qqp,glue-rte,glue-stsb,0.0,0.0,0.3161764705882353,0.646875,0.09386281588447654,0.0,0.5669969794767981
0.5,glue-mrpc,glue-qqp,glue-rte,glue-stsb,0.0,0.0,0.3137254901960784,0.6475,0.04693140794223827,0.0,0.5581866138667714
0.55,glue-mrpc,glue-qqp,glue-rte,glue-stsb,0.0,0.0,0.3161764705882353,0.648125,0.010830324909747292,0.0,0.5586990936029136
0.6000000000000001,glue-mrpc,glue-qqp,glue-rte,glue-stsb,0.0,0.0,0.32107843137254904,0.648125,0.0,0.0,0.5449639276612556
0.65,glue-mrpc,glue-qqp,glue-rte,glue-stsb,0.0,0.0,0.3333333333333333,0.646875,0.0,0.0,0.5441896005058825
0.7000000000000001,glue-mrpc,glue-qqp,glue-rte,glue-stsb,0.0,0.0,0.3799019607843137,0.6375,0.0,0.0,0.5493612726018029
0.75,glue-mrpc,glue-qqp,glue-rte,glue-stsb,0.0,0.0,0.49019607843137253,0.63,0.0,0.0,0.5470061571215783
0.8,glue-mrpc,glue-qqp,glue-rte,glue-stsb,0.0,0.0,0.571078431372549,0.613125,0.0,0.0,0.5362781046042236
0.8500000000000001,glue-mrpc,glue-qqp,glue-rte,glue-stsb,0.0,0.0,0.6519607843137255,0.595625,0.0,0.0,0.5226248330742423
0.9,glue-mrpc,glue-qqp,glue-rte,glue-stsb,0.0,0.0,0.6862745098039216,0.57875,0.0,0.0,0.49515967929471183
0.9500000000000001,glue-mrpc,glue-qqp,glue-rte,glue-stsb,0.0,0.0,0.7132352941176471,0.566875,0.0,0.0,0.3567313745642422
1.0,glue-mrpc,glue-qqp,glue-rte,glue-stsb,0.0,0.0,0.7279411764705882,0.55125,0.0,0.0,0.21658779222998126
0.0,glue-mrpc,glue-qqp,glue-sst2,glue-stsb,0.0,0.0,0.0,0.0,0.0,0.0,
0.05,glue-mrpc,glue-qqp,glue-sst2,glue-stsb,0.0,0.0,0.0,0.0,0.0,0.0,
0.1,glue-mrpc,glue-qqp,glue-sst2,glue-stsb,0.0,0.0,0.0,0.0,0.0,0.0,
0.15000000000000002,glue-mrpc,glue-qqp,glue-sst2,glue-stsb,0.0,0.0,0.0,0.0,0.0,0.016055045871559634,
0.2,glue-mrpc,glue-qqp,glue-sst2,glue-stsb,0.0,0.0,0.0024509803921568627,0.0,0.0,0.29357798165137616,0.0267500194504762
0.25,glue-mrpc,glue-qqp,glue-sst2,glue-stsb,0.0,0.0,0.031862745098039214,0.000625,0.0,0.7293577981651376,0.29482627660395666
0.30000000000000004,glue-mrpc,glue-qqp,glue-sst2,glue-stsb,0.0,0.0,0.27941176470588236,0.038125,0.0,0.841743119266055,0.5916784188350841
0.35000000000000003,glue-mrpc,glue-qqp,glue-sst2,glue-stsb,0.0,0.0,0.49019607843137253,0.15625,0.0,0.8153669724770642,0.6783278049507822
0.4,glue-mrpc,glue-qqp,glue-sst2,glue-stsb,0.0,0.0,0.6936274509803921,0.2475,0.0,0.7190366972477065,0.6739327502652815
0.45,glue-mrpc,glue-qqp,glue-sst2,glue-stsb,0.0,0.0,0.7401960784313726,0.28875,0.0,0.5642201834862385,0.6522119665097524
0.5,glue-mrpc,glue-qqp,glue-sst2,glue-stsb,0.0,0.0,0.7450980392156863,0.301875,0.0,0.41743119266055045,0.6187205287099673
0.55,glue-mrpc,glue-qqp,glue-sst2,glue-stsb,0.0,0.0,0.7647058823529411,0.286875,0.0,0.30160550458715596,0.5702402385873582
0.6000000000000001,glue-mrpc,glue-qqp,glue-sst2,glue-stsb,0.0,0.0,0.7818627450980392,0.26,0.0,0.231651376146789,0.46120711265619535
0.65,glue-mrpc,glue-qqp,glue-sst2,glue-stsb,0.0,0.0,0.7867647058823529,0.233125,0.0,0.16972477064220184,0.2846880154450498
0.7000000000000001,glue-mrpc,glue-qqp,glue-sst2,glue-stsb,0.0,0.0,0.7990196078431373,0.2075,0.0,0.125,0.09386651229585216
0.75,glue-mrpc,glue-qqp,glue-sst2,glue-stsb,0.0,0.0,0.7990196078431373,0.18875,0.0,0.09288990825688073,0.04868874773062677
0.8,glue-mrpc,glue-qqp,glue-sst2,glue-stsb,0.0,0.0,0.8137254901960784,0.170625,0.0,0.0676605504587156,
0.8500000000000001,glue-mrpc,glue-qqp,glue-sst2,glue-stsb,0.0,0.0,0.8161764705882353,0.146875,0.0,0.047018348623853214,
0.9,glue-mrpc,glue-qqp,glue-sst2,glue-stsb,0.0,0.0,0.8063725490196079,0.135625,0.0,0.026376146788990827,
0.9500000000000001,glue-mrpc,glue-qqp,glue-sst2,glue-stsb,0.0,0.0,0.8014705882352942,0.11875,0.0,0.013761467889908258,
1.0,glue-mrpc,glue-qqp,glue-sst2,glue-stsb,0.0,0.0,0.7990196078431373,0.10625,0.0,0.005733944954128441,
0.0,glue-mrpc,glue-rte,glue-sst2,glue-stsb,0.0,0.0,0.0,0.0,0.0,0.0,
0.05,glue-mrpc,glue-rte,glue-sst2,glue-stsb,0.0,0.0,0.0,0.0,0.0,0.0,
0.1,glue-mrpc,glue-rte,glue-sst2,glue-stsb,0.0,0.0,0.0,0.0,0.0,0.0,
0.15000000000000002,glue-mrpc,glue-rte,glue-sst2,glue-stsb,0.0,0.0,0.0,0.0,0.0,0.009174311926605505,
0.2,glue-mrpc,glue-rte,glue-sst2,glue-stsb,0.0,0.0,0.0,0.0,0.0,0.2018348623853211,0.05101267135643622
0.25,glue-mrpc,glue-rte,glue-sst2,glue-stsb,0.0,0.0,0.029411764705882353,0.0,0.0,0.48623853211009177,0.40367729977132116
0.30000000000000004,glue-mrpc,glue-rte,glue-sst2,glue-stsb,0.0,0.0,0.22058823529411764,0.0,0.04693140794223827,0.5928899082568807,0.6326018149039923
0.35000000000000003,glue-mrpc,glue-rte,glue-sst2,glue-stsb,0.0,0.0,0.24754901960784315,0.0,0.13357400722021662,0.5561926605504587,0.701873557981378
0.4,glue-mrpc,glue-rte,glue-sst2,glue-stsb,0.0,0.0,0.25245098039215685,0.0,0.11913357400722022,0.40940366972477066,0.7120174681681958
0.45,glue-mrpc,glue-rte,glue-sst2,glue-stsb,0.0,0.0,0.25735294117647056,0.0,0.061371841155234655,0.2672018348623853,0.7122943882939882
0.5,glue-mrpc,glue-rte,glue-sst2,glue-stsb,0.0,0.0,0.25980392156862747,0.0,0.032490974729241874,0.17775229357798164,0.7027955100956019
0.55,glue-mrpc,glue-rte,glue-sst2,glue-stsb,0.0,0.0,0.2622549019607843,0.0,0.01444043321299639,0.11238532110091744,0.69289455865571
0.6000000000000001,glue-mrpc,glue-rte,glue-sst2,glue-stsb,0.0,0.0,0.2647058823529412,0.0,0.007220216606498195,0.06077981651376147,0.6912640558374868
0.65,glue-mrpc,glue-rte,glue-sst2,glue-stsb,0.0,0.0,0.26715686274509803,0.0,0.0036101083032490976,0.033256880733944956,0.6823209930104355
0.7000000000000001,glue-mrpc,glue-rte,glue-sst2,glue-stsb,0.0,0.0,0.2647058823529412,0.0,0.0036101083032490976,0.022935779816513763,0.6883134581428426
0.75,glue-mrpc,glue-rte,glue-sst2,glue-stsb,0.0,0.0,0.2647058823529412,0.0,0.0,0.009174311926605505,0.6811570341070012
0.8,glue-mrpc,glue-rte,glue-sst2,glue-stsb,0.0,0.0,0.27205882352941174,0.0,0.0,0.005733944954128441,0.6801318777030753
0.8500000000000001,glue-mrpc,glue-rte,glue-sst2,glue-stsb,0.0,0.0,0.2916666666666667,0.0,0.0,0.0022935779816513763,0.6782781328560962
0.9,glue-mrpc,glue-rte,glue-sst2,glue-stsb,0.0,0.0,0.30637254901960786,0.0,0.0,0.0,0.6742243118173474
0.9500000000000001,glue-mrpc,glue-rte,glue-sst2,glue-stsb,0.0,0.0,0.33578431372549017,0.0,0.0,0.0,0.6769146275719589
1.0,glue-mrpc,glue-rte,glue-sst2,glue-stsb,0.0,0.0,0.36764705882352944,0.0,0.0,0.0,0.6698569226023489
0.0,glue-qqp,glue-rte,glue-sst2,glue-stsb,0.0,0.0,0.0,0.0,0.0,0.0,
0.05,glue-qqp,glue-rte,glue-sst2,glue-stsb,0.0,0.0,0.0,0.0,0.0,0.0,
0.1,glue-qqp,glue-rte,glue-sst2,glue-stsb,0.0,0.0,0.0,0.0,0.0,0.0,
0.15000000000000002,glue-qqp,glue-rte,glue-sst2,glue-stsb,0.0,0.0,0.0,0.0,0.0,0.0,
0.2,glue-qqp,glue-rte,glue-sst2,glue-stsb,0.0,0.0,0.0,0.0,0.0,0.047018348623853214,0.0267500194504762
0.25,glue-qqp,glue-rte,glue-sst2,glue-stsb,0.0,0.0,0.0,0.0,0.0,0.22018348623853212,0.15283512497200394
0.30000000000000004,glue-qqp,glue-rte,glue-sst2,glue-stsb,0.0,0.0,0.0,0.040625,0.007220216606498195,0.44839449541284404,0.44186299715481725
0.35000000000000003,glue-qqp,glue-rte,glue-sst2,glue-stsb,0.0,0.0,0.0,0.438125,0.13357400722021662,0.6009174311926605,0.6464993436102804
0.4,glue-qqp,glue-rte,glue-sst2,glue-stsb,0.0,0.0,0.0,0.58125,0.30685920577617326,0.6571100917431193,0.7188486278724275
0.45,glue-qqp,glue-rte,glue-sst2,glue-stsb,0.0,0.0,0.0,0.604375,0.33212996389891697,0.6422018348623854,0.7475880951307038
0.5,glue-qqp,glue-rte,glue-sst2,glue-stsb,0.0,0.0,0.0,0.610625,0.36462093862815886,0.591743119266055,0.7441908031588587
0.55,glue-qqp,glue-rte,glue-sst2,glue-stsb,0.0,0.0,0.0,0.61625,0.37545126353790614,0.47591743119266056,0.7270996226621157
0.6000000000000001,glue-qqp,glue-rte,glue-sst2,glue-stsb,0.0,0.0,0.0,0.620625,0.3862815884476534,0.37155963302752293,0.7131104331802277
0.65,glue-qqp,glue-rte,glue-sst2,glue-stsb,0.0,0.0,0.0,0.62125,0.36462093862815886,0.2798165137614679,0.6997935410365503
0.7000000000000001,glue-qqp,glue-rte,glue-sst2,glue-stsb,0.0,0.0,0.0,0.625,0.35379061371841153,0.19495412844036697,0.69185370342742
0.75,glue-qqp,glue-rte,glue-sst2,glue-stsb,0.0,0.0,0.0,0.625625,0.3176895306859206,0.12729357798165136,0.6828548181895373
0.8,glue-qqp,glue-rte,glue-sst2,glue-stsb,0.0,0.0,0.0,0.626875,0.26714801444043323,0.0963302752293578,0.6712334737900577
0.8500000000000001,glue-qqp,glue-rte,glue-sst2,glue-stsb,0.0,0.0,0.0,0.628125,0.22743682310469315,0.06880733944954129,0.6693722116147862
0.9,glue-qqp,glue-rte,glue-sst2,glue-stsb,0.0,0.0,0.0,0.626875,0.1588447653429603,0.04931192660550459,0.6688585739451834
0.9500000000000001,glue-qqp,glue-rte,glue-sst2,glue-stsb,0.0,0.0,0.0,0.62375,0.09386281588447654,0.02522935779816514,0.6690276936933608
1.0,glue-qqp,glue-rte,glue-sst2,glue-stsb,0.0,0.0,0.0,0.62375,0.06859205776173286,0.0194954128440367,0.6619364982688599
