scaling_factor,k,dataset:0,dataset:1,Cars,DTD,EuroSAT,GTSRB,RESISC45,SUN397,SVHN
0.0,0.25,Cars,DTD,0.5365004352692451,0.400531914893617,0.21851851851851853,0.26357878068091845,0.4479365079365079,0.6108816120906801,0.08908266748617087
0.25,0.25,Cars,DTD,0.6282800646685736,0.4973404255319149,0.26296296296296295,0.2746634996041172,0.483968253968254,0.618639798488665,0.09592040565457897
0.5,0.25,Cars,DTD,0.7051361770924014,0.597872340425532,0.30703703703703705,0.2777513855898654,0.5019047619047619,0.6211586901763224,0.10318070067609096
0.75,0.25,Cars,DTD,0.7637109812212411,0.7,0.3414814814814815,0.2730799683293745,0.5038095238095238,0.616977329974811,0.10944222495390289
1.0,0.25,Cars,DTD,0.8058699166770302,0.7675531914893617,0.36777777777777776,0.26262866191607287,0.4953968253968254,0.5959193954659949,0.11919944683466503
0.0,0.5,Cars,DTD,0.5365004352692451,0.400531914893617,0.21851851851851853,0.26357878068091845,0.4479365079365079,0.6108816120906801,0.08908266748617087
0.25,0.5,Cars,DTD,0.6473075488123368,0.5207446808510638,0.2814814814814815,0.27505938242280287,0.4949206349206349,0.623073047858942,0.09695759065765212
0.5,0.5,Cars,DTD,0.7379679144385026,0.6436170212765957,0.3251851851851852,0.27498020585906574,0.5085714285714286,0.6234256926952141,0.10410264290104487
0.75,0.5,Cars,DTD,0.7970401691331924,0.7462765957446809,0.3685185185185185,0.261520190023753,0.4988888888888889,0.6067002518891688,0.11339889366933005
1.0,0.5,Cars,DTD,0.8222857853500808,0.7888297872340425,0.3655555555555556,0.23919239904988124,0.47063492063492063,0.5571788413098236,0.1363322065150584
0.0,0.75,Cars,DTD,0.5365004352692451,0.400531914893617,0.21851851851851853,0.26357878068091845,0.4479365079365079,0.6108816120906801,0.08908266748617087
0.25,0.75,Cars,DTD,0.6454421091903992,0.5164893617021277,0.27814814814814814,0.2753760886777514,0.4949206349206349,0.6238790931989925,0.09641979102642902
0.5,0.75,Cars,DTD,0.7356050242507151,0.6340425531914894,0.32,0.27482185273159143,0.5085714285714286,0.6247858942065491,0.10295021511985249
0.75,0.75,Cars,DTD,0.7929362019649298,0.7393617021276596,0.3574074074074074,0.2604908946951702,0.4992063492063492,0.6096725440806046,0.11190073755377997
1.0,0.75,Cars,DTD,0.8204203457281433,0.7888297872340425,0.35814814814814816,0.23681710213776722,0.47095238095238096,0.5616624685138539,0.13375845113706208
0.0,1.0,Cars,DTD,0.5365004352692451,0.400531914893617,0.21851851851851853,0.26357878068091845,0.4479365079365079,0.6108816120906801,0.08908266748617087
0.25,1.0,Cars,DTD,0.6368610869294864,0.5069148936170212,0.2725925925925926,0.2752177355502771,0.49317460317460315,0.6225692695214106,0.09584357713583282
0.5,1.0,Cars,DTD,0.7229200348215397,0.6186170212765958,0.31555555555555553,0.27569279493269994,0.5087301587301587,0.6247858942065491,0.10195144437615243
0.75,1.0,Cars,DTD,0.7814948389503793,0.7170212765957447,0.3548148148148148,0.2664291369754553,0.5019047619047619,0.6158186397984886,0.1079440688383528
1.0,1.0,Cars,DTD,0.8138291257306305,0.774468085106383,0.37148148148148147,0.24441805225653207,0.483015873015873,0.5819647355163728,0.12442378610940381
0.0,0.25,Cars,EuroSAT,0.5365004352692451,0.400531914893617,0.21851851851851853,0.26357878068091845,0.4479365079365079,0.6108816120906801,0.08908266748617087
0.25,0.25,Cars,EuroSAT,0.6245491854246984,0.4175531914893617,0.562962962962963,0.2953285827395091,0.5028571428571429,0.6241813602015114,0.11332206515058389
0.5,0.25,Cars,EuroSAT,0.6997885835095138,0.42021276595744683,0.8525925925925926,0.30815518606492476,0.49857142857142855,0.6286146095717884,0.13598647818070067
0.75,0.25,Cars,EuroSAT,0.7625917174480786,0.41702127659574467,0.9640740740740741,0.31646872525732384,0.4642857142857143,0.623022670025189,0.14712661339889366
1.0,0.25,Cars,EuroSAT,0.7966670812088049,0.39787234042553193,0.9811111111111112,0.3288202692003167,0.4057142857142857,0.612191435768262,0.14977719729563613
0.0,0.5,Cars,EuroSAT,0.5365004352692451,0.400531914893617,0.21851851851851853,0.26357878068091845,0.4479365079365079,0.6108816120906801,0.08908266748617087
0.25,0.5,Cars,EuroSAT,0.6439497574928491,0.42127659574468085,0.6614814814814814,0.3007917656373713,0.5088888888888888,0.6285138539042822,0.12012138905961893
0.5,0.5,Cars,EuroSAT,0.7271483646312648,0.41648936170212764,0.9422222222222222,0.30894695170229614,0.4888888888888889,0.6277581863979849,0.13433466502765826
0.75,0.5,Cars,EuroSAT,0.784106454421092,0.3925531914893617,0.9796296296296296,0.3159144893111639,0.42238095238095236,0.61455919395466,0.13640903503380455
1.0,0.5,Cars,EuroSAT,0.8109687849769929,0.35106382978723405,0.9866666666666667,0.3117973079968329,0.3411111111111111,0.5832745591939547,0.12534572833435773
0.0,0.75,Cars,EuroSAT,0.5365004352692451,0.400531914893617,0.21851851851851853,0.26357878068091845,0.4479365079365079,0.6108816120906801,0.08908266748617087
0.25,0.75,Cars,EuroSAT,0.6430792190026117,0.42021276595744683,0.6618518518518518,0.30063341250989706,0.5087301587301587,0.6276070528967255,0.12015980331899201
0.5,0.75,Cars,EuroSAT,0.7245367491605522,0.41648936170212764,0.9440740740740741,0.30522565320665085,0.49047619047619045,0.626095717884131,0.13256760909649662
0.75,0.75,Cars,EuroSAT,0.7785101355552791,0.3962765957446808,0.9796296296296296,0.3128266033254157,0.4249206349206349,0.613904282115869,0.13199139520590042
1.0,0.75,Cars,EuroSAT,0.8054968287526427,0.35425531914893615,0.987037037037037,0.3106096595407759,0.346031746031746,0.5817632241813602,0.12181161647203442
0.0,1.0,Cars,EuroSAT,0.5365004352692451,0.400531914893617,0.21851851851851853,0.26357878068091845,0.4479365079365079,0.6108816120906801,0.08908266748617087
0.25,1.0,Cars,EuroSAT,0.6341251088173113,0.4186170212765957,0.6307407407407407,0.3002375296912114,0.5098412698412699,0.6272040302267002,0.11827750460971112
0.5,1.0,Cars,EuroSAT,0.7087426936948141,0.4207446808510638,0.92,0.30625494853523355,0.49587301587301585,0.6286146095717884,0.13314382298709282
0.75,1.0,Cars,EuroSAT,0.7684367615968163,0.3984042553191489,0.9762962962962963,0.314806017418844,0.44285714285714284,0.6190428211586901,0.13348955132145052
1.0,1.0,Cars,EuroSAT,0.7961696306429549,0.37340425531914895,0.987037037037037,0.31504354711005544,0.3682539682539683,0.5954156171284635,0.12749692685925015
0.0,0.25,Cars,GTSRB,0.5365004352692451,0.400531914893617,0.21851851851851853,0.26357878068091845,0.4479365079365079,0.6108816120906801,0.08908266748617087
0.25,0.25,Cars,GTSRB,0.626165899763711,0.4101063829787234,0.26296296296296295,0.42874109263657956,0.4766666666666667,0.6207556675062972,0.12968653964351567
0.5,0.25,Cars,GTSRB,0.705757990299714,0.4106382978723404,0.30148148148148146,0.6735550277117973,0.4876190476190476,0.6235264483627204,0.2066303011677935
0.75,0.25,Cars,GTSRB,0.773038179330929,0.40691489361702127,0.3225925925925926,0.8781472684085511,0.4792063492063492,0.6196977329974811,0.3022818070067609
1.0,0.25,Cars,GTSRB,0.8094764332794429,0.40425531914893614,0.31148148148148147,0.9604117181314331,0.456984126984127,0.6076070528967255,0.375
0.0,0.5,Cars,GTSRB,0.5365004352692451,0.400531914893617,0.21851851851851853,0.26357878068091845,0.4479365079365079,0.6108816120906801,0.08908266748617087
0.25,0.5,Cars,GTSRB,0.6464370103220992,0.4101063829787234,0.27296296296296296,0.4807600950118765,0.4831746031746032,0.6216120906801007,0.14758758451137063
0.5,0.5,Cars,GTSRB,0.7398333540604403,0.4122340425531915,0.31444444444444447,0.7749010292953286,0.48333333333333334,0.6207556675062972,0.2604102642901045
0.75,0.5,Cars,GTSRB,0.7969158064917299,0.3984042553191489,0.3074074074074074,0.93784639746635,0.4612698412698413,0.6085642317380353,0.367240319606638
1.0,0.5,Cars,GTSRB,0.8160676532769556,0.3696808510638298,0.27296296296296296,0.976326207442597,0.40206349206349207,0.5706801007556676,0.4111478180700676
0.0,0.75,Cars,GTSRB,0.5365004352692451,0.400531914893617,0.21851851851851853,0.26357878068091845,0.4479365079365079,0.6108816120906801,0.08908266748617087
0.25,0.75,Cars,GTSRB,0.6444472080586992,0.40904255319148936,0.2722222222222222,0.4721298495645289,0.48365079365079366,0.6224685138539043,0.1467040565457898
0.5,0.75,Cars,GTSRB,0.7382166397214277,0.4095744680851064,0.31555555555555553,0.7551068883610451,0.4822222222222222,0.6216120906801007,0.2553779963122311
0.75,0.75,Cars,GTSRB,0.7960452680014923,0.3946808510638298,0.30518518518518517,0.926682501979414,0.4607936507936508,0.6092191435768262,0.3609019668100799
1.0,0.75,Cars,GTSRB,0.8137047630891681,0.3696808510638298,0.2774074074074074,0.9742676167854315,0.4058730158730159,0.5730982367758186,0.4060771358328211
0.0,1.0,Cars,GTSRB,0.5365004352692451,0.400531914893617,0.21851851851851853,0.26357878068091845,0.4479365079365079,0.6108816120906801,0.08908266748617087
0.25,1.0,Cars,GTSRB,0.6366123616465613,0.40797872340425534,0.2674074074074074,0.44267616785431513,0.4819047619047619,0.6218136020151134,0.13809926244622003
0.5,1.0,Cars,GTSRB,0.7250341997264022,0.4117021276595745,0.3125925925925926,0.7008709422011085,0.4873015873015873,0.6234760705289673,0.23248309772587583
0.75,1.0,Cars,GTSRB,0.786593707250342,0.4,0.3148148148148148,0.8992874109263658,0.4719047619047619,0.6167758186397985,0.333819913952059
1.0,1.0,Cars,GTSRB,0.812461136674543,0.3829787234042553,0.29074074074074074,0.9655581947743468,0.43682539682539684,0.5909319899244333,0.39720344191763984
0.0,0.25,Cars,RESISC45,0.5365004352692451,0.400531914893617,0.21851851851851853,0.26357878068091845,0.4479365079365079,0.6108816120906801,0.08908266748617087
0.25,0.25,Cars,RESISC45,0.6213157567466733,0.41382978723404257,0.31296296296296294,0.27648456057007126,0.6449206349206349,0.6269521410579345,0.09691917639827904
0.5,0.25,Cars,RESISC45,0.6883472204949633,0.4053191489361702,0.44814814814814813,0.2850356294536817,0.8222222222222222,0.6304282115869018,0.10825138291333743
0.75,0.25,Cars,RESISC45,0.7428180574555403,0.39787234042553193,0.49925925925925924,0.29097387173396677,0.9285714285714286,0.6241813602015114,0.12135064535955747
1.0,0.25,Cars,RESISC45,0.7796293993284418,0.3872340425531915,0.5174074074074074,0.2898653998416469,0.9526984126984127,0.6090680100755668,0.12911032575291947
0.0,0.5,Cars,RESISC45,0.5365004352692451,0.400531914893617,0.21851851851851853,0.26357878068091845,0.4479365079365079,0.6108816120906801,0.08908266748617087
0.25,0.5,Cars,RESISC45,0.6368610869294864,0.41117021276595744,0.3648148148148148,0.2801266825019794,0.7022222222222222,0.6299244332493703,0.10133681622618317
0.5,0.5,Cars,RESISC45,0.7078721552045766,0.400531914893617,0.49333333333333335,0.28725257323832143,0.8925396825396825,0.6272544080604534,0.11808543331284573
0.75,0.5,Cars,RESISC45,0.7553786842432533,0.38563829787234044,0.5237037037037037,0.28519398258115597,0.9514285714285714,0.6117380352644837,0.1255762138905962
1.0,0.5,Cars,RESISC45,0.7755254321601791,0.3574468085106383,0.48814814814814816,0.2803642121931908,0.9574603174603175,0.5769773299748111,0.11862323294406883
0.0,0.75,Cars,RESISC45,0.5365004352692451,0.400531914893617,0.21851851851851853,0.26357878068091845,0.4479365079365079,0.6108816120906801,0.08908266748617087
0.25,0.75,Cars,RESISC45,0.6354930978733988,0.40691489361702127,0.37333333333333335,0.27988915281076804,0.7017460317460318,0.6299244332493703,0.10198985863552551
0.5,0.75,Cars,RESISC45,0.7033951001119264,0.4015957446808511,0.49407407407407405,0.2849564528899446,0.8915873015873016,0.6271032745591939,0.11800860479409957
0.75,0.75,Cars,RESISC45,0.7460514861335654,0.38351063829787235,0.52,0.2804433887569279,0.9514285714285714,0.6108816120906801,0.12123540258143822
1.0,0.75,Cars,RESISC45,0.7625917174480786,0.3569148936170213,0.4803703703703704,0.27498020585906574,0.9576190476190476,0.5754659949622166,0.11236170866625692
0.0,1.0,Cars,RESISC45,0.5365004352692451,0.400531914893617,0.21851851851851853,0.26357878068091845,0.4479365079365079,0.6108816120906801,0.08908266748617087
0.25,1.0,Cars,RESISC45,0.6256684491978609,0.4122340425531915,0.3585185185185185,0.2800475059382423,0.6863492063492064,0.6292695214105793,0.10137523048555624
0.5,1.0,Cars,RESISC45,0.691953737097376,0.4031914893617021,0.4866666666666667,0.2850356294536817,0.866031746031746,0.6287153652392947,0.1158958205285802
0.75,1.0,Cars,RESISC45,0.7367242880238777,0.38882978723404255,0.5218518518518519,0.28171021377672206,0.9474603174603174,0.6178841309823677,0.12288721573448064
1.0,1.0,Cars,RESISC45,0.7550055963188658,0.36914893617021277,0.49962962962962965,0.2779889152810768,0.9569841269841269,0.5927455919395466,0.11689459127228027
0.0,0.25,Cars,SUN397,0.5365004352692451,0.400531914893617,0.21851851851851853,0.26357878068091845,0.4479365079365079,0.6108816120906801,0.08908266748617087
0.25,0.25,Cars,SUN397,0.6206939435393608,0.42340425531914894,0.2725925925925926,0.28091844813935074,0.49507936507936506,0.6731989924433249,0.09311616472034419
0.5,0.25,Cars,SUN397,0.6902126601169009,0.42446808510638295,0.3466666666666667,0.29350752177355505,0.5238095238095238,0.7217632241813602,0.09914720344191764
0.75,0.25,Cars,SUN397,0.7438129585872404,0.423936170212766,0.38296296296296295,0.30253365003958826,0.5398412698412698,0.7553148614609572,0.10844345421020282
1.0,0.25,Cars,SUN397,0.772540728765079,0.41914893617021276,0.3888888888888889,0.30554235946159936,0.5347619047619048,0.7705289672544081,0.12572987092808852
0.0,0.5,Cars,SUN397,0.5365004352692451,0.400531914893617,0.21851851851851853,0.26357878068091845,0.4479365079365079,0.6108816120906801,0.08908266748617087
0.25,0.5,Cars,SUN397,0.6349956473075488,0.4175531914893617,0.2992592592592593,0.28677751385589867,0.5093650793650794,0.6888664987405542,0.09526736324523663
0.5,0.5,Cars,SUN397,0.7159557268996394,0.4228723404255319,0.38,0.29730799683293746,0.5382539682539682,0.7375818639798488,0.10675322679778734
0.75,0.5,Cars,SUN397,0.7578659370725034,0.4148936170212766,0.3907407407407407,0.3057007125890736,0.5407936507936508,0.7663476070528967,0.1298017824216349
1.0,0.5,Cars,SUN397,0.7634622559383162,0.3984042553191489,0.3637037037037037,0.3072050673000792,0.5073015873015873,0.7706297229219143,0.15619237861094037
0.0,0.75,Cars,SUN397,0.5365004352692451,0.400531914893617,0.21851851851851853,0.26357878068091845,0.4479365079365079,0.6108816120906801,0.08908266748617087
0.25,0.75,Cars,SUN397,0.6327571197612237,0.4175531914893617,0.3025925925925926,0.28630245447347585,0.51,0.6877581863979849,0.0956899200983405
0.5,0.75,Cars,SUN397,0.7086183310533516,0.4196808510638298,0.37777777777777777,0.2978622327790974,0.5403174603174603,0.7364735516372796,0.10832821143208358
0.75,0.75,Cars,SUN397,0.7502798159432906,0.41117021276595744,0.38333333333333336,0.30403800475059384,0.5357142857142857,0.7663476070528967,0.13164566687154272
1.0,0.75,Cars,SUN397,0.7569953985822658,0.39680851063829786,0.34444444444444444,0.30546318289786223,0.5019047619047619,0.770176322418136,0.15757529194837125
0.0,1.0,Cars,SUN397,0.5365004352692451,0.400531914893617,0.21851851851851853,0.26357878068091845,0.4479365079365079,0.6108816120906801,0.08908266748617087
0.25,1.0,Cars,SUN397,0.6240517348588484,0.4186170212765957,0.29259259259259257,0.2844813935075218,0.5065079365079365,0.6824181360201511,0.09519053472649047
0.5,1.0,Cars,SUN397,0.6959333416241761,0.4154255319148936,0.3751851851851852,0.29762470308788597,0.5382539682539682,0.7316876574307305,0.10529348494161032
0.75,1.0,Cars,SUN397,0.7379679144385026,0.41595744680851066,0.3874074074074074,0.3019794140934283,0.5407936507936508,0.7629722921914358,0.12438537185003073
1.0,1.0,Cars,SUN397,0.7551299589603283,0.4074468085106383,0.36185185185185187,0.3057798891528108,0.518095238095238,0.7725440806045341,0.14862476951444376
0.0,0.25,Cars,SVHN,0.5365004352692451,0.400531914893617,0.21851851851851853,0.26357878068091845,0.4479365079365079,0.6108816120906801,0.08908266748617087
0.25,0.25,Cars,SVHN,0.6175848775027981,0.4106382978723404,0.2740740740740741,0.2939034045922407,0.48603174603174604,0.6240302267002519,0.27715888137676703
0.5,0.25,Cars,SVHN,0.6832483521950006,0.4117021276595745,0.3359259259259259,0.3068091844813935,0.5087301587301587,0.6263476070528967,0.7737015980331899
0.75,0.25,Cars,SVHN,0.7413257057579903,0.4031914893617021,0.36148148148148146,0.3079968329374505,0.5073015873015873,0.6220654911838791,0.9565534726490473
1.0,0.25,Cars,SVHN,0.7782614102723542,0.3781914893617021,0.3333333333333333,0.30411718131433096,0.48682539682539683,0.6095717884130982,0.9724953902888752
0.0,0.5,Cars,SVHN,0.5365004352692451,0.400531914893617,0.21851851851851853,0.26357878068091845,0.4479365079365079,0.6108816120906801,0.08908266748617087
0.25,0.5,Cars,SVHN,0.6292749658002736,0.4101063829787234,0.29259259259259257,0.2978622327790974,0.4946031746031746,0.6270025188916877,0.4623540258143823
0.5,0.5,Cars,SVHN,0.7025245616216889,0.4031914893617021,0.35777777777777775,0.30997624703087884,0.506031746031746,0.6275566750629723,0.9181776275353412
0.75,0.5,Cars,SVHN,0.7541350578286283,0.3803191489361702,0.3137037037037037,0.3072050673000792,0.4855555555555556,0.6119395465994962,0.970958819913952
1.0,0.5,Cars,SVHN,0.7717945529163039,0.3271276595744681,0.2477777777777778,0.2737133808392716,0.4282539682539683,0.57183879093199,0.9749923171481254
0.0,0.75,Cars,SVHN,0.5365004352692451,0.400531914893617,0.21851851851851853,0.26357878068091845,0.4479365079365079,0.6108816120906801,0.08908266748617087
0.25,0.75,Cars,SVHN,0.624424822783236,0.4101063829787234,0.29185185185185186,0.2995249406175772,0.4934920634920635,0.626750629722922,0.47687461585740626
0.5,0.75,Cars,SVHN,0.6930730008705385,0.4031914893617021,0.3503703703703704,0.3117181314330958,0.5044444444444445,0.6272544080604534,0.9182544560540873
0.75,0.75,Cars,SVHN,0.7410769804750653,0.37872340425531914,0.30592592592592593,0.3091053048297704,0.4773015873015873,0.6118891687657431,0.9707667486170867
1.0,0.75,Cars,SVHN,0.7525183434896158,0.33563829787234045,0.2388888888888889,0.27529691211401425,0.4165079365079365,0.5703274559193955,0.9752228027043639
0.0,1.0,Cars,SVHN,0.5365004352692451,0.400531914893617,0.21851851851851853,0.26357878068091845,0.4479365079365079,0.6108816120906801,0.08908266748617087
0.25,1.0,Cars,SVHN,0.6158438005223231,0.41117021276595744,0.2877777777777778,0.2978622327790974,0.4936507936507937,0.6255415617128464,0.41610325752919486
0.5,1.0,Cars,SVHN,0.6754135057828629,0.4053191489361702,0.35555555555555557,0.3095011876484561,0.5071428571428571,0.6285138539042822,0.8857944068838353
0.75,1.0,Cars,SVHN,0.7278945404800398,0.3861702127659574,0.31925925925925924,0.3136975455265241,0.4882539682539683,0.6171284634760705,0.9676167793484942
1.0,1.0,Cars,SVHN,0.745180947643328,0.3526595744680851,0.25703703703703706,0.29073634204275534,0.44476190476190475,0.5878589420654912,0.9743776889981561
0.0,0.25,DTD,EuroSAT,0.5365004352692451,0.400531914893617,0.21851851851851853,0.26357878068091845,0.4479365079365079,0.6108816120906801,0.08908266748617087
0.25,0.25,DTD,EuroSAT,0.5581395348837209,0.502127659574468,0.5644444444444444,0.2902612826603325,0.5044444444444445,0.6227707808564231,0.11581899200983405
0.5,0.25,DTD,EuroSAT,0.5684616341251089,0.5872340425531914,0.8707407407407407,0.29802058590657166,0.5052380952380953,0.6278589420654912,0.14270897357098955
0.75,0.25,DTD,EuroSAT,0.5711976122372839,0.6664893617021277,0.965925925925926,0.3060965954077593,0.4711111111111111,0.6207556675062972,0.1609557467732022
1.0,0.25,DTD,EuroSAT,0.5669692824275587,0.7138297872340426,0.9811111111111112,0.3102929532858274,0.4142857142857143,0.6041813602015114,0.17812692071296865
0.0,0.5,DTD,EuroSAT,0.5365004352692451,0.400531914893617,0.21851851851851853,0.26357878068091845,0.4479365079365079,0.6108816120906801,0.08908266748617087
0.25,0.5,DTD,EuroSAT,0.5647307548812337,0.5186170212765957,0.6681481481481482,0.2941409342834521,0.5131746031746032,0.6249874055415617,0.12315611555009219
0.5,0.5,DTD,EuroSAT,0.5760477552543216,0.6085106382978723,0.9455555555555556,0.2995249406175772,0.49587301587301585,0.6221662468513854,0.14547480024585127
0.75,0.5,DTD,EuroSAT,0.5738092277079965,0.6925531914893617,0.9803703703703703,0.30475059382422803,0.43412698412698414,0.6059949622166246,0.1609941610325753
1.0,0.5,DTD,EuroSAT,0.5517970401691332,0.7180851063829787,0.9866666666666667,0.3038004750593824,0.3674603174603175,0.5686649874055416,0.1658343577135833
0.0,0.75,DTD,EuroSAT,0.5365004352692451,0.400531914893617,0.21851851851851853,0.26357878068091845,0.4479365079365079,0.6108816120906801,0.08908266748617087
0.25,0.75,DTD,EuroSAT,0.5651038428056212,0.5159574468085106,0.6681481481481482,0.29501187648456056,0.5142857142857142,0.6249874055415617,0.12304087277197295
0.5,0.75,DTD,EuroSAT,0.5756746673299341,0.5989361702127659,0.9481481481481482,0.2985748218527316,0.4980952380952381,0.6216120906801007,0.14286263060848187
0.75,0.75,DTD,EuroSAT,0.5757990299713966,0.6803191489361702,0.9818518518518519,0.3012668250197941,0.4419047619047619,0.6045843828715365,0.15669176398279042
1.0,0.75,DTD,EuroSAT,0.549061062056958,0.7106382978723405,0.9851851851851852,0.3002375296912114,0.37666666666666665,0.5649874055415617,0.16072526121696373
0.0,1.0,DTD,EuroSAT,0.5365004352692451,0.400531914893617,0.21851851851851853,0.26357878068091845,0.4479365079365079,0.6108816120906801,0.08908266748617087
0.25,1.0,DTD,EuroSAT,0.5629896779007586,0.5101063829787233,0.6411111111111111,0.29469517022961206,0.5115873015873016,0.6243324937027708,0.12115857406269206
0.5,1.0,DTD,EuroSAT,0.573684865066534,0.5898936170212766,0.9322222222222222,0.298812351543943,0.5050793650793651,0.6248866498740554,0.14121081745543945
0.75,1.0,DTD,EuroSAT,0.5750528541226215,0.6654255319148936,0.977037037037037,0.3030087094220111,0.4576190476190476,0.6111335012594459,0.15538567916410573
1.0,1.0,DTD,EuroSAT,0.5607511503544336,0.698404255319149,0.9848148148148148,0.3019002375296912,0.3980952380952381,0.5814609571788413,0.1604563614013522
0.0,0.25,DTD,GTSRB,0.5365004352692451,0.400531914893617,0.21851851851851853,0.26357878068091845,0.4479365079365079,0.6108816120906801,0.08908266748617087
0.25,0.25,DTD,GTSRB,0.5563984579032458,0.5031914893617021,0.2733333333333333,0.4175771971496437,0.47793650793650794,0.618287153652393,0.13310540872771973
0.5,0.25,DTD,GTSRB,0.5617460514861335,0.6037234042553191,0.31,0.6646080760095012,0.48904761904761906,0.6193954659949622,0.2204978488014751
0.75,0.25,DTD,GTSRB,0.5611242382788211,0.699468085106383,0.31037037037037035,0.8612826603325415,0.4741269841269841,0.6143073047858942,0.32237246465888136
1.0,0.25,DTD,GTSRB,0.544584006964308,0.7531914893617021,0.2796296296296296,0.9508313539192399,0.43746031746031744,0.5968261964735516,0.4169099569760295
0.0,0.5,DTD,GTSRB,0.5365004352692451,0.400531914893617,0.21851851851851853,0.26357878068091845,0.4479365079365079,0.6108816120906801,0.08908266748617087
0.25,0.5,DTD,GTSRB,0.5624922273349086,0.5234042553191489,0.28074074074074074,0.46049089469517024,0.48253968253968255,0.62,0.15323448063921327
0.5,0.5,DTD,GTSRB,0.5646063922397712,0.6446808510638298,0.30814814814814817,0.7566112430720506,0.476984126984127,0.6177833753148615,0.27247234173325136
0.75,0.5,DTD,GTSRB,0.5515483148862081,0.7303191489361702,0.2759259259259259,0.920110847189232,0.43793650793650796,0.5966750629722922,0.40288875230485555
1.0,0.5,DTD,GTSRB,0.5156075115035443,0.752127659574468,0.21185185185185185,0.9701504354711006,0.36095238095238097,0.5525944584382871,0.4638137676705593
0.0,0.75,DTD,GTSRB,0.5365004352692451,0.400531914893617,0.21851851851851853,0.26357878068091845,0.4479365079365079,0.6108816120906801,0.08908266748617087
0.25,0.75,DTD,GTSRB,0.5623678646934461,0.5218085106382979,0.2851851851851852,0.4516231195566112,0.4846031746031746,0.6208060453400503,0.15123693915181316
0.5,0.75,DTD,GTSRB,0.5647307548812337,0.6388297872340426,0.30666666666666664,0.7339667458432304,0.4793650793650794,0.6180856423173804,0.26544253226797787
0.75,0.75,DTD,GTSRB,0.5544086556398458,0.723404255319149,0.2751851851851852,0.9066508313539192,0.44142857142857145,0.5983375314861461,0.39255531653349723
1.0,0.75,DTD,GTSRB,0.5187165775401069,0.7436170212765958,0.21185185185185185,0.9657957244655582,0.3688888888888889,0.5548614609571788,0.45136754763368164
0.0,1.0,DTD,GTSRB,0.5365004352692451,0.400531914893617,0.21851851851851853,0.26357878068091845,0.4479365079365079,0.6108816120906801,0.08908266748617087
0.25,1.0,DTD,GTSRB,0.5612486009202835,0.5122340425531915,0.2837037037037037,0.428978622327791,0.4846031746031746,0.6201007556675063,0.14305470190534728
0.5,1.0,DTD,GTSRB,0.5649794801641587,0.6223404255319149,0.3062962962962963,0.6851148060174188,0.4847619047619048,0.6199496221662468,0.24154886293792255
0.75,1.0,DTD,GTSRB,0.561372963561746,0.7127659574468085,0.29333333333333333,0.8695961995249406,0.4541269841269841,0.6069521410579345,0.35544714197910265
1.0,1.0,DTD,GTSRB,0.53326700659122,0.7510638297872341,0.23185185185185186,0.9535233570863024,0.4006349206349206,0.5748110831234257,0.4452980946527351
0.0,0.25,DTD,RESISC45,0.5365004352692451,0.400531914893617,0.21851851851851853,0.26357878068091845,0.4479365079365079,0.6108816120906801,0.08908266748617087
0.25,0.25,DTD,RESISC45,0.5596318865812709,0.49042553191489363,0.31074074074074076,0.27220902612826603,0.646984126984127,0.6259445843828715,0.09891671788567917
0.5,0.25,DTD,RESISC45,0.5665961945031712,0.5771276595744681,0.38925925925925925,0.2729216152019002,0.8231746031746032,0.6276574307304786,0.11305316533497234
0.75,0.25,DTD,RESISC45,0.5663474692202463,0.6531914893617021,0.46074074074074073,0.26619160728424385,0.9274603174603174,0.6207052896725441,0.12830362630608483
1.0,0.25,DTD,RESISC45,0.5570202711105584,0.7122340425531914,0.5125925925925926,0.2585114806017419,0.9517460317460318,0.6,0.13936693300553166
0.0,0.5,DTD,RESISC45,0.5365004352692451,0.400531914893617,0.21851851851851853,0.26357878068091845,0.4479365079365079,0.6108816120906801,0.08908266748617087
0.25,0.5,DTD,RESISC45,0.5653525680885462,0.5026595744680851,0.3440740740740741,0.2717339667458432,0.6982539682539682,0.6295214105793451,0.10279655808236017
0.5,0.5,DTD,RESISC45,0.5662231065787837,0.5904255319148937,0.4577777777777778,0.26888361045130643,0.8887301587301587,0.6254911838790932,0.12081284572833435
0.75,0.5,DTD,RESISC45,0.5561497326203209,0.6675531914893617,0.5188888888888888,0.2622327790973872,0.9482539682539682,0.6067506297229219,0.1323755377996312
1.0,0.5,DTD,RESISC45,0.53077975376197,0.6952127659574469,0.49925925925925924,0.2520190023752969,0.9555555555555556,0.5721410579345089,0.13122311001843884
0.0,0.75,DTD,RESISC45,0.5365004352692451,0.400531914893617,0.21851851851851853,0.26357878068091845,0.4479365079365079,0.6108816120906801,0.08908266748617087
0.25,0.75,DTD,RESISC45,0.5662231065787837,0.49840425531914895,0.3496296296296296,0.27110055423594615,0.6982539682539682,0.6288664987405541,0.10325752919483712
0.5,0.75,DTD,RESISC45,0.5662231065787837,0.5792553191489361,0.48185185185185186,0.2678543151227237,0.8858730158730159,0.6261460957178842,0.12081284572833435
0.75,0.75,DTD,RESISC45,0.5561497326203209,0.651595744680851,0.5166666666666667,0.26357878068091845,0.9477777777777778,0.6063476070528967,0.1275737553779963
1.0,0.75,DTD,RESISC45,0.5268001492351697,0.6771276595744681,0.5044444444444445,0.250910530482977,0.9552380952380952,0.573551637279597,0.12476951444376153
0.0,1.0,DTD,RESISC45,0.5365004352692451,0.400531914893617,0.21851851851851853,0.26357878068091845,0.4479365079365079,0.6108816120906801,0.08908266748617087
0.25,1.0,DTD,RESISC45,0.5644820295983086,0.4909574468085106,0.33925925925925926,0.2720506730007918,0.6852380952380952,0.6290176322418136,0.10214351567301783
0.5,1.0,DTD,RESISC45,0.5662231065787837,0.5691489361702128,0.4666666666666667,0.2693586698337292,0.8676190476190476,0.6280604534005038,0.11893054701905348
0.75,1.0,DTD,RESISC45,0.559880611864196,0.6313829787234042,0.5151851851851852,0.2653206650831354,0.9433333333333334,0.6129974811083123,0.1272280270436386
1.0,1.0,DTD,RESISC45,0.5382415122497202,0.6723404255319149,0.5144444444444445,0.257403008709422,0.9533333333333334,0.5870025188916876,0.1273816840811309
0.0,0.25,DTD,SUN397,0.5365004352692451,0.400531914893617,0.21851851851851853,0.26357878068091845,0.4479365079365079,0.6108816120906801,0.08908266748617087
0.25,0.25,DTD,SUN397,0.5619947767690586,0.4920212765957447,0.27,0.2758511480601742,0.49603174603174605,0.67183879093199,0.09499846342962508
0.5,0.25,DTD,SUN397,0.5707001616714339,0.5771276595744681,0.30666666666666664,0.2833729216152019,0.526984126984127,0.7195969773299749,0.10222034419176398
0.75,0.25,DTD,SUN397,0.5689590846909588,0.652127659574468,0.3162962962962963,0.2843230403800475,0.5280952380952381,0.7521410579345088,0.11401352181929933
1.0,0.25,DTD,SUN397,0.5570202711105584,0.7175531914893617,0.3148148148148148,0.2779889152810768,0.5106349206349207,0.7656926952141058,0.131299938537185
0.0,0.5,DTD,SUN397,0.5365004352692451,0.400531914893617,0.21851851851851853,0.26357878068091845,0.4479365079365079,0.6108816120906801,0.08908266748617087
0.25,0.5,DTD,SUN397,0.5702027111055838,0.502127659574468,0.2851851851851852,0.2777513855898654,0.5092063492063492,0.6847858942065491,0.09753380454824831
0.5,0.5,DTD,SUN397,0.5760477552543216,0.600531914893617,0.31444444444444447,0.2852731591448931,0.5331746031746032,0.733198992443325,0.1097879532882606
0.75,0.5,DTD,SUN397,0.5693321726153463,0.676063829787234,0.3118518518518518,0.28329374505146476,0.5182539682539683,0.7598992443324937,0.1346419791026429
1.0,0.5,DTD,SUN397,0.53227210545952,0.723404255319149,0.2962962962962963,0.26856690419635787,0.4692063492063492,0.7619647355163728,0.17263368162261833
0.0,0.75,DTD,SUN397,0.5365004352692451,0.400531914893617,0.21851851851851853,0.26357878068091845,0.4479365079365079,0.6108816120906801,0.08908266748617087
0.25,0.75,DTD,SUN397,0.5707001616714339,0.49946808510638296,0.28888888888888886,0.2777513855898654,0.5095238095238095,0.683727959697733,0.09799477566072526
0.5,0.75,DTD,SUN397,0.5800273597811217,0.597872340425532,0.327037037037037,0.2845605700712589,0.5344444444444445,0.7318387909319899,0.1112861094038107
0.75,0.75,DTD,SUN397,0.5713219748787465,0.6622340425531915,0.3307407407407407,0.28487727632620746,0.5173015873015873,0.760705289672544,0.13771511985248924
1.0,0.75,DTD,SUN397,0.5371222484765577,0.7148936170212766,0.3148148148148148,0.271021377672209,0.47063492063492063,0.7625692695214106,0.18196834665027659
0.0,1.0,DTD,SUN397,0.5365004352692451,0.400531914893617,0.21851851851851853,0.26357878068091845,0.4479365079365079,0.6108816120906801,0.08908266748617087
0.25,1.0,DTD,SUN397,0.5697052605397339,0.4930851063829787,0.2825925925925926,0.27600950118764844,0.506984126984127,0.6793954659949623,0.09757221880762139
0.5,1.0,DTD,SUN397,0.5777888322347967,0.5776595744680851,0.32925925925925925,0.2840855106888361,0.533968253968254,0.7261460957178841,0.10917332513829134
0.75,1.0,DTD,SUN397,0.5774157443104092,0.6441489361702127,0.33037037037037037,0.2868566904196358,0.5241269841269841,0.7570277078085642,0.1307621389059619
1.0,1.0,DTD,SUN397,0.5541599303569208,0.6952127659574469,0.30962962962962964,0.2768012668250198,0.4888888888888889,0.7661460957178842,0.16610325752919483
0.0,0.25,DTD,SVHN,0.5365004352692451,0.400531914893617,0.21851851851851853,0.26357878068091845,0.4479365079365079,0.6108816120906801,0.08908266748617087
0.25,0.25,DTD,SVHN,0.5561497326203209,0.48829787234042554,0.27666666666666667,0.2879651623119557,0.490952380952381,0.6214609571788413,0.2852258758451137
0.5,0.25,DTD,SVHN,0.5665961945031712,0.5590425531914893,0.3,0.292874109263658,0.5073015873015873,0.6276070528967255,0.7867624462200369
0.75,0.25,DTD,SVHN,0.5688347220494964,0.6329787234042553,0.302962962962963,0.28844022169437844,0.49746031746031744,0.6212594458438288,0.9561693300553166
1.0,0.25,DTD,SVHN,0.5575177216764085,0.6648936170212766,0.2644444444444444,0.26896278701504356,0.4684126984126984,0.601007556675063,0.9726106330669945
0.0,0.5,DTD,SVHN,0.5365004352692451,0.400531914893617,0.21851851851851853,0.26357878068091845,0.4479365079365079,0.6108816120906801,0.08908266748617087
0.25,0.5,DTD,SVHN,0.5628653152592961,0.4946808510638298,0.28888888888888886,0.29081551860649246,0.49444444444444446,0.6255415617128464,0.4676551936078672
0.5,0.5,DTD,SVHN,0.5715707001616714,0.5771276595744681,0.29888888888888887,0.2954869358669834,0.4984126984126984,0.6262468513853904,0.9201751690227412
0.75,0.5,DTD,SVHN,0.5590100733739585,0.625,0.25333333333333335,0.28060174188440223,0.4658730158730159,0.6049370277078086,0.9713429625076828
1.0,0.5,DTD,SVHN,0.5331426439497575,0.6122340425531915,0.18814814814814815,0.2398258115597783,0.39111111111111113,0.5625692695214106,0.9758758451137062
0.0,0.75,DTD,SVHN,0.5365004352692451,0.400531914893617,0.21851851851851853,0.26357878068091845,0.4479365079365079,0.6108816120906801,0.08908266748617087
0.25,0.75,DTD,SVHN,0.5639845790324587,0.4898936170212766,0.29,0.2932699920823436,0.49507936507936506,0.6259949622166247,0.48655500921942224
0.5,0.75,DTD,SVHN,0.5720681507275215,0.5643617021276596,0.3048148148148148,0.2966745843230404,0.49682539682539684,0.626448362720403,0.9204056545789797
0.75,0.75,DTD,SVHN,0.5583882601666459,0.6095744680851064,0.25222222222222224,0.28392715756136183,0.4614285714285714,0.6053400503778338,0.9712277197295636
1.0,0.75,DTD,SVHN,0.5295361273473449,0.5973404255319149,0.18481481481481482,0.24433887569279494,0.3873015873015873,0.561360201511335,0.9757606023355869
0.0,1.0,DTD,SVHN,0.5365004352692451,0.400531914893617,0.21851851851851853,0.26357878068091845,0.4479365079365079,0.6108816120906801,0.08908266748617087
0.25,1.0,DTD,SVHN,0.5629896779007586,0.4824468085106383,0.2903703703703704,0.29239904988123516,0.4922222222222222,0.6249370277078086,0.4280500921942225
0.5,1.0,DTD,SVHN,0.573436139783609,0.551595744680851,0.3074074074074074,0.29841646872525734,0.5003174603174603,0.62911838790932,0.8927858020897357
0.75,1.0,DTD,SVHN,0.5646063922397712,0.6031914893617021,0.28074074074074074,0.2908946951702296,0.47714285714285715,0.613904282115869,0.9686155500921942
1.0,1.0,DTD,SVHN,0.5422211167765203,0.6058510638297873,0.20333333333333334,0.25835312747426764,0.4146031746031746,0.581662468513854,0.9754917025199754
0.0,0.25,EuroSAT,GTSRB,0.5365004352692451,0.400531914893617,0.21851851851851853,0.26357878068091845,0.4479365079365079,0.6108816120906801,0.08908266748617087
0.25,0.25,EuroSAT,GTSRB,0.5508021390374331,0.4101063829787234,0.5711111111111111,0.4323040380047506,0.49396825396825395,0.6226700251889169,0.15638444990780578
0.5,0.25,EuroSAT,GTSRB,0.5560253699788583,0.4148936170212766,0.8707407407407407,0.6358669833729216,0.4876190476190476,0.6261460957178842,0.2381299938537185
0.75,0.25,EuroSAT,GTSRB,0.5481905235667206,0.4053191489361702,0.9614814814814815,0.8049089469517023,0.44126984126984126,0.6191435768261965,0.2980562384757222
1.0,0.25,EuroSAT,GTSRB,0.5241885337644572,0.3824468085106383,0.975925925925926,0.9102137767220903,0.38603174603174606,0.6021158690176323,0.33239858635525504
0.0,0.5,EuroSAT,GTSRB,0.5365004352692451,0.400531914893617,0.21851851851851853,0.26357878068091845,0.4479365079365079,0.6108816120906801,0.08908266748617087
0.25,0.5,EuroSAT,GTSRB,0.5541599303569208,0.4154255319148936,0.7022222222222222,0.47030878859857483,0.5015873015873016,0.6242821158690176,0.1774738783036263
0.5,0.5,EuroSAT,GTSRB,0.5540355677154583,0.4085106382978723,0.9522222222222222,0.6852731591448931,0.4692063492063492,0.6214609571788413,0.25679932390903504
0.75,0.5,EuroSAT,GTSRB,0.5331426439497575,0.3792553191489362,0.9803703703703703,0.8498812351543943,0.4087301587301587,0.5998992443324938,0.3090811309157959
1.0,0.5,EuroSAT,GTSRB,0.4937196866061435,0.3404255319148936,0.9822222222222222,0.9256532066508314,0.3288888888888889,0.5544080604534005,0.3262523048555624
0.0,0.75,EuroSAT,GTSRB,0.5365004352692451,0.400531914893617,0.21851851851851853,0.26357878068091845,0.4479365079365079,0.6108816120906801,0.08908266748617087
0.25,0.75,EuroSAT,GTSRB,0.5529163039422957,0.41595744680851066,0.7107407407407408,0.4602533650039588,0.5033333333333333,0.6239294710327455,0.17609096496619545
0.5,0.75,EuroSAT,GTSRB,0.5537868424325333,0.4074468085106383,0.9555555555555556,0.6588281868566904,0.4738095238095238,0.6191939546599496,0.24827135832821143
0.75,0.75,EuroSAT,GTSRB,0.5325208307424449,0.3797872340425532,0.9811111111111112,0.8229612034837688,0.4123809523809524,0.5983375314861461,0.298939766441303
1.0,0.75,EuroSAT,GTSRB,0.49247606019151846,0.34361702127659577,0.9829629629629629,0.9068883610451306,0.3387301587301587,0.5529974811083124,0.3153426551936079
0.0,1.0,EuroSAT,GTSRB,0.5365004352692451,0.400531914893617,0.21851851851851853,0.26357878068091845,0.4479365079365079,0.6108816120906801,0.08908266748617087
0.25,1.0,EuroSAT,GTSRB,0.5527919413008332,0.4148936170212766,0.6703703703703704,0.4418052256532066,0.5026984126984126,0.6235264483627204,0.16771665642286418
0.5,1.0,EuroSAT,GTSRB,0.5526675786593708,0.4095744680851064,0.9433333333333334,0.6209817893903404,0.4811111111111111,0.621360201511335,0.23578672403196066
0.75,1.0,EuroSAT,GTSRB,0.5393607760228827,0.3893617021276596,0.9792592592592593,0.7824228028503563,0.43063492063492065,0.6061460957178841,0.2889136447449293
1.0,1.0,EuroSAT,GTSRB,0.5098868299962691,0.35319148936170214,0.9825925925925926,0.8814726840855107,0.3601587301587302,0.5705793450881612,0.31077135832821146
0.0,0.25,EuroSAT,RESISC45,0.5365004352692451,0.400531914893617,0.21851851851851853,0.26357878068091845,0.4479365079365079,0.6108816120906801,0.08908266748617087
0.25,0.25,EuroSAT,RESISC45,0.5555279194130084,0.41329787234042553,0.5866666666666667,0.28780680918448137,0.6546031746031746,0.626750629722922,0.11409035033804549
0.5,0.25,EuroSAT,RESISC45,0.560875512995896,0.40797872340425534,0.8855555555555555,0.29588281868566907,0.8023809523809524,0.6297732997481108,0.13375845113706208
0.75,0.25,EuroSAT,RESISC45,0.5542842929983833,0.3984042553191489,0.9640740740740741,0.30364212193190815,0.8803174603174603,0.6194458438287154,0.13840657652120467
1.0,0.25,EuroSAT,RESISC45,0.5356298967790076,0.376063829787234,0.9711111111111111,0.30213776722090263,0.8914285714285715,0.5929974811083123,0.1347956361401352
0.0,0.5,EuroSAT,RESISC45,0.5365004352692451,0.400531914893617,0.21851851851851853,0.26357878068091845,0.4479365079365079,0.6108816120906801,0.08908266748617087
0.25,0.5,EuroSAT,RESISC45,0.5602536997885835,0.41702127659574467,0.6940740740740741,0.29049881235154396,0.6987301587301588,0.6296221662468514,0.1218500307314075
0.5,0.5,EuroSAT,RESISC45,0.560626787712971,0.4026595744680851,0.942962962962963,0.2920823436262866,0.8507936507936508,0.6227204030226701,0.13045482483097726
0.75,0.5,EuroSAT,RESISC45,0.5367491605521701,0.3829787234042553,0.9688888888888889,0.2876484560570071,0.8917460317460317,0.5948614609571788,0.12373232944068838
1.0,0.5,EuroSAT,RESISC45,0.49682875264270615,0.34095744680851064,0.9737037037037037,0.27086302454473477,0.8861904761904762,0.5432241813602016,0.1101720958819914
0.0,0.75,EuroSAT,RESISC45,0.5365004352692451,0.400531914893617,0.21851851851851853,0.26357878068091845,0.4479365079365079,0.6108816120906801,0.08908266748617087
0.25,0.75,EuroSAT,RESISC45,0.560875512995896,0.41436170212765955,0.6948148148148148,0.2891528107680127,0.6995238095238095,0.6296725440806046,0.1216579594345421
0.5,0.75,EuroSAT,RESISC45,0.5597562492227335,0.4,0.9362962962962963,0.28741092636579574,0.8495238095238096,0.6212594458438288,0.12749692685925015
0.75,0.75,EuroSAT,RESISC45,0.5383658748911827,0.37872340425531914,0.967037037037037,0.2819477434679335,0.8946031746031746,0.5940554156171285,0.11816226183159188
1.0,0.75,EuroSAT,RESISC45,0.4912324337768934,0.34308510638297873,0.9696296296296296,0.26524148851939827,0.8903174603174603,0.5407556675062972,0.10506299938537185
0.0,1.0,EuroSAT,RESISC45,0.5365004352692451,0.400531914893617,0.21851851851851853,0.26357878068091845,0.4479365079365079,0.6108816120906801,0.08908266748617087
0.25,1.0,EuroSAT,RESISC45,0.559383161298346,0.41382978723404257,0.6533333333333333,0.2890736342042755,0.6833333333333333,0.6298740554156171,0.11946834665027659
0.5,1.0,EuroSAT,RESISC45,0.5634871284666086,0.4026595744680851,0.9174074074074074,0.28931116389548694,0.8376190476190476,0.6252392947103275,0.12826521204671174
0.75,1.0,EuroSAT,RESISC45,0.5457032707374705,0.38138297872340426,0.9629629629629629,0.28653998416468723,0.893015873015873,0.6024181360201512,0.12254148740012293
1.0,1.0,EuroSAT,RESISC45,0.5108817311279692,0.35851063829787233,0.9696296296296296,0.2758511480601742,0.8974603174603175,0.5618639798488665,0.11163183773816841
0.0,0.25,EuroSAT,SUN397,0.5365004352692451,0.400531914893617,0.21851851851851853,0.26357878068091845,0.4479365079365079,0.6108816120906801,0.08908266748617087
0.25,0.25,EuroSAT,SUN397,0.5618704141275961,0.425531914893617,0.5559259259259259,0.29572446555819476,0.513968253968254,0.6757178841309823,0.11186232329440689
0.5,0.25,EuroSAT,SUN397,0.5672180077104838,0.42925531914893617,0.8611111111111112,0.3095803642121932,0.5219047619047619,0.721007556675063,0.13733097725875845
0.75,0.25,EuroSAT,SUN397,0.5695808978982714,0.425,0.9625925925925926,0.3215360253365004,0.4857142857142857,0.7494206549118388,0.1554240934234788
1.0,0.25,EuroSAT,SUN397,0.5592587986568834,0.400531914893617,0.9803703703703703,0.32636579572446556,0.4334920634920635,0.7620654911838791,0.16237707437000615
0.0,0.5,EuroSAT,SUN397,0.5365004352692451,0.400531914893617,0.21851851851851853,0.26357878068091845,0.4479365079365079,0.6108816120906801,0.08908266748617087
0.25,0.5,EuroSAT,SUN397,0.5646063922397712,0.42606382978723406,0.6455555555555555,0.30332541567695964,0.5273015873015873,0.6869017632241814,0.12096650276582667
0.5,0.5,EuroSAT,SUN397,0.5756746673299341,0.42819148936170215,0.9403703703703704,0.3156769596199525,0.5114285714285715,0.7315869017632242,0.1455900430239705
0.75,0.5,EuroSAT,SUN397,0.5733117771421465,0.40797872340425534,0.9774074074074074,0.3231987331749802,0.4614285714285714,0.755264483627204,0.15288875230485557
1.0,0.5,EuroSAT,SUN397,0.5499316005471956,0.37553191489361704,0.9851851851851852,0.3217735550277118,0.38666666666666666,0.7536523929471033,0.14970036877688997
0.0,0.75,EuroSAT,SUN397,0.5365004352692451,0.400531914893617,0.21851851851851853,0.26357878068091845,0.4479365079365079,0.6108816120906801,0.08908266748617087
0.25,0.75,EuroSAT,SUN397,0.5664718318617088,0.425,0.6385185185185185,0.30522565320665085,0.5284126984126984,0.6854911838790932,0.12077443146896127
0.5,0.75,EuroSAT,SUN397,0.5759233926128591,0.42446808510638295,0.9359259259259259,0.31385589865399843,0.5157142857142857,0.7303274559193955,0.14359250153657038
0.75,0.75,EuroSAT,SUN397,0.5751772167640841,0.4085106382978723,0.9762962962962963,0.31995249406175774,0.4688888888888889,0.7535012594458438,0.15081438229870928
1.0,0.75,EuroSAT,SUN397,0.5536624797910707,0.37872340425531914,0.9844444444444445,0.31797307996832935,0.3985714285714286,0.752191435768262,0.14735709895513213
0.0,1.0,EuroSAT,SUN397,0.5365004352692451,0.400531914893617,0.21851851851851853,0.26357878068091845,0.4479365079365079,0.6108816120906801,0.08908266748617087
0.25,1.0,EuroSAT,SUN397,0.5647307548812337,0.42659574468085104,0.5992592592592593,0.3007917656373713,0.5241269841269841,0.6805541561712847,0.11820067609096496
0.5,1.0,EuroSAT,SUN397,0.5771670190274841,0.42606382978723406,0.9096296296296297,0.3133808392715756,0.5238095238095238,0.7250377833753149,0.1411724031960664
0.75,1.0,EuroSAT,SUN397,0.5765452058201717,0.41648936170212764,0.9703703703703703,0.3227236737925574,0.48063492063492064,0.7499748110831235,0.15165949600491702
1.0,1.0,EuroSAT,SUN397,0.5624922273349086,0.3893617021276596,0.9829629629629629,0.3253365003958828,0.42333333333333334,0.7580856423173804,0.15108328211432084
0.0,0.25,EuroSAT,SVHN,0.5365004352692451,0.400531914893617,0.21851851851851853,0.26357878068091845,0.4479365079365079,0.6108816120906801,0.08908266748617087
0.25,0.25,EuroSAT,SVHN,0.5535381171496082,0.4127659574468085,0.5485185185185185,0.3098970704671417,0.5036507936507937,0.6242317380352644,0.30669944683466505
0.5,0.25,EuroSAT,SVHN,0.559880611864196,0.4117021276595745,0.8155555555555556,0.334916864608076,0.5063492063492063,0.6294206549118387,0.7594883220651506
0.75,0.25,EuroSAT,SVHN,0.5581395348837209,0.4053191489361702,0.9314814814814815,0.3544734758511481,0.4780952380952381,0.6229219143576826,0.9343500307314075
1.0,0.25,EuroSAT,SVHN,0.546573809227708,0.38670212765957446,0.9577777777777777,0.3586698337292161,0.423968253968254,0.6046347607052897,0.9645436385986478
0.0,0.5,EuroSAT,SVHN,0.5365004352692451,0.400531914893617,0.21851851851851853,0.26357878068091845,0.4479365079365079,0.6108816120906801,0.08908266748617087
0.25,0.5,EuroSAT,SVHN,0.5565228205447084,0.41382978723404257,0.6333333333333333,0.31876484560570073,0.5126984126984127,0.6273047858942066,0.47038260602335585
0.5,0.5,EuroSAT,SVHN,0.5637358537495336,0.4047872340425532,0.8822222222222222,0.34489311163895486,0.4963492063492064,0.6239294710327455,0.876959127228027
0.75,0.5,EuroSAT,SVHN,0.5510508643203582,0.3829787234042553,0.9518518518518518,0.35003958828186854,0.44317460317460317,0.6061460957178841,0.9562845728334358
1.0,0.5,EuroSAT,SVHN,0.520208929237657,0.3425531914893617,0.9537037037037037,0.33499604117181314,0.38,0.5649370277078085,0.9686539643515673
0.0,0.75,EuroSAT,SVHN,0.5365004352692451,0.400531914893617,0.21851851851851853,0.26357878068091845,0.4479365079365079,0.6108816120906801,0.08908266748617087
0.25,0.75,EuroSAT,SVHN,0.5585126228081084,0.4127659574468085,0.6314814814814815,0.31813143309580366,0.513968253968254,0.6279596977329975,0.48244468346650277
0.5,0.75,EuroSAT,SVHN,0.5660987439373212,0.4031914893617021,0.8711111111111111,0.34370546318289785,0.5009523809523809,0.6228715365239295,0.8753841425937308
0.75,0.75,EuroSAT,SVHN,0.5521701280935207,0.3803191489361702,0.9448148148148148,0.3472684085510689,0.4507936507936508,0.6046851385390428,0.9547095881991395
1.0,0.75,EuroSAT,SVHN,0.5161049620693944,0.3414893617021277,0.9451851851851852,0.3303246239113222,0.3888888888888889,0.5638790931989924,0.968039336201598
0.0,1.0,EuroSAT,SVHN,0.5365004352692451,0.400531914893617,0.21851851851851853,0.26357878068091845,0.4479365079365079,0.6108816120906801,0.08908266748617087
0.25,1.0,EuroSAT,SVHN,0.5575177216764085,0.4148936170212766,0.5962962962962963,0.3155186064924782,0.5114285714285715,0.6274055415617128,0.4325829748002459
0.5,1.0,EuroSAT,SVHN,0.5660987439373212,0.40691489361702127,0.8414814814814815,0.34030087094220113,0.5055555555555555,0.6253400503778338,0.844998463429625
0.75,1.0,EuroSAT,SVHN,0.5572689963934834,0.38882978723404255,0.9288888888888889,0.34631828978622325,0.4661904761904762,0.6110831234256927,0.9496004917025199
1.0,1.0,EuroSAT,SVHN,0.5284168635741823,0.3569148936170213,0.9425925925925925,0.3386381631037213,0.41095238095238096,0.5804534005037784,0.9671942224953903
0.0,0.25,GTSRB,RESISC45,0.5365004352692451,0.400531914893617,0.21851851851851853,0.26357878068091845,0.4479365079365079,0.6108816120906801,0.08908266748617087
0.25,0.25,GTSRB,RESISC45,0.5531650292252207,0.4106382978723404,0.3174074074074074,0.41290577988915284,0.6395238095238095,0.625088161209068,0.13375845113706208
0.5,0.25,GTSRB,RESISC45,0.5597562492227335,0.4021276595744681,0.42814814814814817,0.6342834520981789,0.807936507936508,0.6281612090680101,0.2107022126613399
0.75,0.25,GTSRB,RESISC45,0.5556522820544708,0.39574468085106385,0.5281481481481481,0.8127474267616785,0.909047619047619,0.6215113350125945,0.2793100799016595
1.0,0.25,GTSRB,RESISC45,0.5415993035692078,0.3797872340425532,0.5622222222222222,0.9117973079968329,0.9407936507936508,0.6036272040302267,0.33228334357713585
0.0,0.5,GTSRB,RESISC45,0.5365004352692451,0.400531914893617,0.21851851851851853,0.26357878068091845,0.4479365079365079,0.6108816120906801,0.08908266748617087
0.25,0.5,GTSRB,RESISC45,0.5575177216764085,0.40904255319148936,0.3622222222222222,0.4380047505938242,0.6926984126984127,0.6284130982367758,0.15039182544560542
0.5,0.5,GTSRB,RESISC45,0.559880611864196,0.3952127659574468,0.5207407407407407,0.6693586698337293,0.8746031746031746,0.6242317380352644,0.23486478180700676
0.75,0.5,GTSRB,RESISC45,0.5442109190399204,0.37872340425531914,0.5688888888888889,0.8398258115597783,0.9401587301587302,0.6082115869017632,0.2917562999385372
1.0,0.5,GTSRB,RESISC45,0.5095137420718816,0.3547872340425532,0.5362962962962963,0.9136975455265242,0.9488888888888889,0.5677078085642318,0.3272510755992624
0.0,0.75,GTSRB,RESISC45,0.5365004352692451,0.400531914893617,0.21851851851851853,0.26357878068091845,0.4479365079365079,0.6108816120906801,0.08908266748617087
0.25,0.75,GTSRB,RESISC45,0.5596318865812709,0.4074468085106383,0.36518518518518517,0.4194774346793349,0.6952380952380952,0.6283627204030227,0.14593577135832822
0.5,0.75,GTSRB,RESISC45,0.5611242382788211,0.3946808510638298,0.5285185185185185,0.6330166270783848,0.8773015873015872,0.6242317380352644,0.21919176398279042
0.75,0.75,GTSRB,RESISC45,0.5454545454545454,0.37553191489361704,0.5674074074074074,0.7908946951702296,0.9426984126984127,0.6067506297229219,0.2636754763368162
1.0,0.75,GTSRB,RESISC45,0.5159805994279318,0.3595744680851064,0.5366666666666666,0.8777513855898654,0.9506349206349206,0.5691183879093199,0.2905654578979717
0.0,1.0,GTSRB,RESISC45,0.5365004352692451,0.400531914893617,0.21851851851851853,0.26357878068091845,0.4479365079365079,0.6108816120906801,0.08908266748617087
0.25,1.0,GTSRB,RESISC45,0.557890809600796,0.40904255319148936,0.352962962962963,0.39897070467141726,0.6773015873015873,0.6282115869017633,0.13775353411186234
0.5,1.0,GTSRB,RESISC45,0.5627409526178336,0.3984042553191489,0.5103703703703704,0.585193982581156,0.8574603174603175,0.6263979848866499,0.20463275968039335
0.75,1.0,GTSRB,RESISC45,0.5491854246984206,0.3829787234042553,0.5674074074074074,0.73784639746635,0.9382539682539682,0.6129974811083123,0.2501536570374923
1.0,1.0,GTSRB,RESISC45,0.5290386767814949,0.3680851063829787,0.5559259259259259,0.8422802850356295,0.950952380952381,0.5853904282115869,0.2772357098955132
0.0,0.25,GTSRB,SUN397,0.5365004352692451,0.400531914893617,0.21851851851851853,0.26357878068091845,0.4479365079365079,0.6108816120906801,0.08908266748617087
0.25,0.25,GTSRB,SUN397,0.5559010073373959,0.41382978723404257,0.2707407407407407,0.4108471892319873,0.49126984126984125,0.6724433249370277,0.1268438844499078
0.5,0.25,GTSRB,SUN397,0.5619947767690586,0.41702127659574467,0.3037037037037037,0.6442596991290578,0.5147619047619048,0.7204534005037784,0.20928088506453596
0.75,0.25,GTSRB,SUN397,0.5561497326203209,0.41595744680851066,0.30777777777777776,0.8466349960411718,0.5211111111111111,0.7531989924433249,0.3074677320221266
1.0,0.25,GTSRB,SUN397,0.5403556771545828,0.40691489361702127,0.2751851851851852,0.9422802850356294,0.5053968253968254,0.7683627204030227,0.382260295021512
0.0,0.5,GTSRB,SUN397,0.5365004352692451,0.400531914893617,0.21851851851851853,0.26357878068091845,0.4479365079365079,0.6108816120906801,0.08908266748617087
0.25,0.5,GTSRB,SUN397,0.5629896779007586,0.41702127659574467,0.2874074074074074,0.43293745051464766,0.5011111111111111,0.6855415617128463,0.14328518746158575
0.5,0.5,GTSRB,SUN397,0.5647307548812337,0.41808510638297874,0.32592592592592595,0.6967537608867775,0.5244444444444445,0.735617128463476,0.25622311001843884
0.75,0.5,GTSRB,SUN397,0.5498072379057332,0.4047872340425532,0.34074074074074073,0.8850356294536817,0.5136507936507937,0.7639798488664987,0.36747080516287645
1.0,0.5,GTSRB,SUN397,0.4985698296231812,0.375,0.2985185185185185,0.9574821852731591,0.46206349206349207,0.7646347607052897,0.42002151198524895
0.0,0.75,GTSRB,SUN397,0.5365004352692451,0.400531914893617,0.21851851851851853,0.26357878068091845,0.4479365079365079,0.6108816120906801,0.08908266748617087
0.25,0.75,GTSRB,SUN397,0.5653525680885462,0.41808510638297874,0.2940740740740741,0.4157561361836896,0.5028571428571429,0.6861964735516373,0.1397894898586355
0.5,0.75,GTSRB,SUN397,0.5657256560129337,0.41595744680851066,0.34629629629629627,0.6453681710213777,0.5258730158730158,0.735617128463476,0.24231714812538413
0.75,0.75,GTSRB,SUN397,0.5552791941300833,0.40425531914893614,0.36444444444444446,0.8479018210609659,0.5196825396825396,0.7639798488664987,0.34822526121696373
1.0,0.75,GTSRB,SUN397,0.5076483024499441,0.3803191489361702,0.31148148148148147,0.9377672209026128,0.47444444444444445,0.767455919395466,0.40811309157959436
0.0,1.0,GTSRB,SUN397,0.5365004352692451,0.400531914893617,0.21851851851851853,0.26357878068091845,0.4479365079365079,0.6108816120906801,0.08908266748617087
0.25,1.0,GTSRB,SUN397,0.5648551175226962,0.42021276595744683,0.28814814814814815,0.3960411718131433,0.4984126984126984,0.6801511335012594,0.13110786724031961
0.5,1.0,GTSRB,SUN397,0.5685859967665713,0.41702127659574467,0.3433333333333333,0.5842438638163103,0.5265079365079365,0.7299244332493703,0.21500460971112478
0.75,1.0,GTSRB,SUN397,0.5633627658251461,0.4106382978723404,0.37037037037037035,0.7890736342042756,0.5274603174603174,0.7602015113350126,0.31538106945298094
1.0,1.0,GTSRB,SUN397,0.5306553911205074,0.39148936170212767,0.3388888888888889,0.9067300079176563,0.49507936507936506,0.7716372795969774,0.39063460356484325
0.0,0.25,GTSRB,SVHN,0.5365004352692451,0.400531914893617,0.21851851851851853,0.26357878068091845,0.4479365079365079,0.6108816120906801,0.08908266748617087
0.25,0.25,GTSRB,SVHN,0.5531650292252207,0.4021276595744681,0.26481481481481484,0.42771179730799685,0.4773015873015873,0.6214609571788413,0.3798017824216349
0.5,0.25,GTSRB,SVHN,0.5542842929983833,0.4031914893617021,0.27111111111111114,0.6454473475851148,0.48095238095238096,0.623022670025189,0.8421173939766441
0.75,0.25,GTSRB,SVHN,0.546573809227708,0.3723404255319149,0.2877777777777778,0.8277117973079968,0.44746031746031745,0.6132997481108312,0.9605485556238476
1.0,0.25,GTSRB,SVHN,0.5193383907474195,0.3191489361702128,0.26185185185185184,0.9140934283452098,0.3692063492063492,0.5837783375314861,0.9703057775046097
0.0,0.5,GTSRB,SVHN,0.5365004352692451,0.400531914893617,0.21851851851851853,0.26357878068091845,0.4479365079365079,0.6108816120906801,0.08908266748617087
0.25,0.5,GTSRB,SVHN,0.5549061062056958,0.4031914893617021,0.2751851851851852,0.4517022961203484,0.4793650793650794,0.623073047858942,0.5812461585740627
0.5,0.5,GTSRB,SVHN,0.5541599303569208,0.3882978723404255,0.28296296296296297,0.6877276326207442,0.4553968253968254,0.6178841309823677,0.9356177012907191
0.75,0.5,GTSRB,SVHN,0.5233179952742196,0.3292553191489362,0.2625925925925926,0.83729216152019,0.36873015873015874,0.5848362720403023,0.9701905347264905
1.0,0.5,GTSRB,SVHN,0.46536500435269246,0.2377659574468085,0.22481481481481483,0.8907363420427553,0.24476190476190476,0.49727959697733,0.971880762138906
0.0,0.75,GTSRB,SVHN,0.5365004352692451,0.400531914893617,0.21851851851851853,0.26357878068091845,0.4479365079365079,0.6108816120906801,0.08908266748617087
0.25,0.75,GTSRB,SVHN,0.5563984579032458,0.4015957446808511,0.2796296296296296,0.4353919239904988,0.4801587301587302,0.6239294710327455,0.5976490473263676
0.5,0.75,GTSRB,SVHN,0.5554035567715458,0.3840425531914894,0.2962962962962963,0.6482185273159145,0.4550793650793651,0.618287153652393,0.9361555009219422
0.75,0.75,GTSRB,SVHN,0.5254321601790822,0.33085106382978724,0.25962962962962965,0.7958036421219319,0.37333333333333335,0.5855415617128463,0.9706130915795943
1.0,0.75,GTSRB,SVHN,0.4648675537868424,0.2404255319148936,0.21777777777777776,0.848535233570863,0.2492063492063492,0.503727959697733,0.9725722188076213
0.0,1.0,GTSRB,SVHN,0.5365004352692451,0.400531914893617,0.21851851851851853,0.26357878068091845,0.4479365079365079,0.6108816120906801,0.08908266748617087
0.25,1.0,GTSRB,SVHN,0.5555279194130084,0.400531914893617,0.2785185185185185,0.41551860649247824,0.4777777777777778,0.623073047858942,0.5423709280885064
0.5,1.0,GTSRB,SVHN,0.5566471831861709,0.39095744680851063,0.2914814814814815,0.6057798891528108,0.46714285714285714,0.6212594458438288,0.9199830977258758
0.75,1.0,GTSRB,SVHN,0.5353811714960826,0.34893617021276596,0.2785185185185185,0.7525732383214568,0.4011111111111111,0.5983879093198993,0.9695759065765212
1.0,1.0,GTSRB,SVHN,0.48775027981594327,0.28138297872340423,0.22666666666666666,0.8247822644497229,0.29158730158730156,0.5417128463476071,0.9729563614013522
0.0,0.25,RESISC45,SUN397,0.5365004352692451,0.400531914893617,0.21851851851851853,0.26357878068091845,0.4479365079365079,0.6108816120906801,0.08908266748617087
0.25,0.25,RESISC45,SUN397,0.5607511503544336,0.41595744680851066,0.3188888888888889,0.2777513855898654,0.6461904761904762,0.6744584382871537,0.09657344806392133
0.5,0.25,RESISC45,SUN397,0.5690834473324213,0.41595744680851066,0.45444444444444443,0.28883610451306413,0.8047619047619048,0.7167758186397984,0.10955746773202213
0.75,0.25,RESISC45,SUN397,0.5597562492227335,0.4074468085106383,0.5018518518518519,0.29802058590657166,0.9092063492063492,0.7420151133501259,0.1248079287031346
1.0,0.25,RESISC45,SUN397,0.5466981718691705,0.39148936170212767,0.5355555555555556,0.30142517814726844,0.9415873015873016,0.7501259445843829,0.13245236631837737
0.0,0.5,RESISC45,SUN397,0.5365004352692451,0.400531914893617,0.21851851851851853,0.26357878068091845,0.4479365079365079,0.6108816120906801,0.08908266748617087
0.25,0.5,RESISC45,SUN397,0.5660987439373212,0.41702127659574467,0.38333333333333336,0.2830562153602534,0.6882539682539682,0.6853400503778337,0.10137523048555624
0.5,0.5,RESISC45,SUN397,0.5704514363885089,0.4106382978723404,0.4955555555555556,0.2941409342834521,0.8574603174603175,0.7271536523929472,0.1227719729563614
0.75,0.5,RESISC45,SUN397,0.5566471831861709,0.3925531914893617,0.5377777777777778,0.3015835312747427,0.9352380952380952,0.7438287153652393,0.13329748002458514
1.0,0.5,RESISC45,SUN397,0.5209551050864321,0.3680851063829787,0.48444444444444446,0.29271575613618367,0.9471428571428572,0.7371788413098237,0.12019821757836509
0.0,0.75,RESISC45,SUN397,0.5365004352692451,0.400531914893617,0.21851851851851853,0.26357878068091845,0.4479365079365079,0.6108816120906801,0.08908266748617087
0.25,0.75,RESISC45,SUN397,0.5660987439373212,0.4154255319148936,0.39481481481481484,0.2823436262866192,0.6871428571428572,0.6831234256926952,0.10321911493546404
0.5,0.75,RESISC45,SUN397,0.571943788086059,0.41117021276595744,0.5007407407407407,0.29350752177355505,0.8517460317460317,0.7242317380352645,0.12327135832821143
0.75,0.75,RESISC45,SUN397,0.5577664469593334,0.39148936170212767,0.5325925925925926,0.29920823436262867,0.929047619047619,0.7436775818639798,0.1309542102028273
1.0,0.75,RESISC45,SUN397,0.5234423579156822,0.3675531914893617,0.47814814814814816,0.28859857482185275,0.9438095238095238,0.7341057934508816,0.11731714812538414
0.0,1.0,RESISC45,SUN397,0.5365004352692451,0.400531914893617,0.21851851851851853,0.26357878068091845,0.4479365079365079,0.6108816120906801,0.08908266748617087
0.25,1.0,RESISC45,SUN397,0.5652282054470837,0.41436170212765955,0.37296296296296294,0.2812351543942993,0.672063492063492,0.678992443324937,0.1016441303011678
0.5,1.0,RESISC45,SUN397,0.5750528541226215,0.41382978723404257,0.4962962962962963,0.29121140142517815,0.8277777777777777,0.7193450881612091,0.1203518746158574
0.75,1.0,RESISC45,SUN397,0.5627409526178336,0.3984042553191489,0.5344444444444445,0.3012668250197941,0.9211111111111111,0.7424181360201512,0.13060848186846957
1.0,1.0,RESISC45,SUN397,0.5379927869667952,0.3776595744680851,0.5022222222222222,0.29271575613618367,0.9442857142857143,0.7413098236775819,0.12515365703749232
0.0,0.25,RESISC45,SVHN,0.5365004352692451,0.400531914893617,0.21851851851851853,0.26357878068091845,0.4479365079365079,0.6108816120906801,0.08908266748617087
0.25,0.25,RESISC45,SVHN,0.5551548314886208,0.4085106382978723,0.32,0.29192399049881235,0.6331746031746032,0.6285138539042822,0.27477719729563616
0.5,0.25,RESISC45,SVHN,0.5623678646934461,0.4053191489361702,0.43296296296296294,0.3038004750593824,0.7831746031746032,0.6325944584382871,0.7473494161032576
0.75,0.25,RESISC45,SVHN,0.5587613480910335,0.39095744680851063,0.48777777777777775,0.3075217735550277,0.8841269841269841,0.6233753148614609,0.9390749846342963
1.0,0.25,RESISC45,SVHN,0.5437134684740704,0.36648936170212765,0.47962962962962963,0.3038796516231196,0.9223809523809524,0.603727959697733,0.9666948371235402
0.0,0.5,RESISC45,SVHN,0.5365004352692451,0.400531914893617,0.21851851851851853,0.26357878068091845,0.4479365079365079,0.6108816120906801,0.08908266748617087
0.25,0.5,RESISC45,SVHN,0.561372963561746,0.40372340425531916,0.36333333333333334,0.29691211401425177,0.6712698412698412,0.6320403022670025,0.42697449293177625
0.5,0.5,RESISC45,SVHN,0.5652282054470837,0.3946808510638298,0.4737037037037037,0.31084718923198734,0.829047619047619,0.6288161209068011,0.8802243392747388
0.75,0.5,RESISC45,SVHN,0.5462007213033205,0.37340425531914895,0.47185185185185186,0.3079176563737134,0.9063492063492063,0.6112342569269521,0.9594729563614014
1.0,0.5,RESISC45,SVHN,0.5112548190523567,0.34202127659574466,0.4137037037037037,0.2880443388756928,0.9195238095238095,0.570176322418136,0.9691917639827904
0.0,0.75,RESISC45,SVHN,0.5365004352692451,0.400531914893617,0.21851851851851853,0.26357878068091845,0.4479365079365079,0.6108816120906801,0.08908266748617087
0.25,0.75,RESISC45,SVHN,0.5629896779007586,0.4031914893617021,0.3718518518518519,0.2978622327790974,0.6680952380952381,0.6317380352644836,0.4303165334972342
0.5,0.75,RESISC45,SVHN,0.5672180077104838,0.39574468085106385,0.4666666666666667,0.3128266033254157,0.8261904761904761,0.6318891687657431,0.8727719729563614
0.75,0.75,RESISC45,SVHN,0.5511752269618206,0.373936170212766,0.46111111111111114,0.3105304829770388,0.9023809523809524,0.6113350125944584,0.9567455439459127
1.0,0.75,RESISC45,SVHN,0.5142395224474567,0.3414893617021277,0.4074074074074074,0.2927949326999208,0.9179365079365079,0.572896725440806,0.9685387215734481
0.0,1.0,RESISC45,SVHN,0.5365004352692451,0.400531914893617,0.21851851851851853,0.26357878068091845,0.4479365079365079,0.6108816120906801,0.08908266748617087
0.25,1.0,RESISC45,SVHN,0.5605024250715085,0.40372340425531916,0.3574074074074074,0.29691211401425177,0.6538095238095238,0.6318387909319899,0.37261831591886907
0.5,1.0,RESISC45,SVHN,0.5683372714836463,0.399468085106383,0.4662962962962963,0.313618368962787,0.8063492063492064,0.632896725440806,0.8320528580208973
0.75,1.0,RESISC45,SVHN,0.5565228205447084,0.3824468085106383,0.46925925925925926,0.31393507521773556,0.8904761904761904,0.6189924433249371,0.949638905961893
1.0,1.0,RESISC45,SVHN,0.5275463250839448,0.3595744680851064,0.42703703703703705,0.30253365003958826,0.9149206349206349,0.5894206549118388,0.9668869084204057
0.0,0.25,SUN397,SVHN,0.5365004352692451,0.400531914893617,0.21851851851851853,0.26357878068091845,0.4479365079365079,0.6108816120906801,0.08908266748617087
0.25,0.25,SUN397,SVHN,0.5575177216764085,0.4106382978723404,0.28074074074074074,0.29469517022961206,0.4992063492063492,0.6712342569269522,0.26563460356484325
0.5,0.25,SUN397,SVHN,0.5687103594080338,0.4186170212765957,0.35777777777777775,0.3072050673000792,0.5253968253968254,0.7170277078085643,0.7430854333128457
0.75,0.25,SUN397,SVHN,0.5639845790324587,0.40691489361702127,0.3511111111111111,0.3154394299287411,0.5317460317460317,0.7427707808564231,0.9460663798401967
1.0,0.25,SUN397,SVHN,0.5448327322472329,0.3851063829787234,0.31777777777777777,0.3201900237529691,0.5125396825396825,0.7558690176322418,0.9714197910264291
0.0,0.5,SUN397,SVHN,0.5365004352692451,0.400531914893617,0.21851851851851853,0.26357878068091845,0.4479365079365079,0.6108816120906801,0.08908266748617087
0.25,0.5,SUN397,SVHN,0.5667205571446338,0.4106382978723404,0.3074074074074074,0.3019794140934283,0.508095238095238,0.6801511335012594,0.41610325752919486
0.5,0.5,SUN397,SVHN,0.5711976122372839,0.40904255319148936,0.35,0.31979414093428343,0.5252380952380953,0.7257430730478589,0.884219422249539
0.75,0.5,SUN397,SVHN,0.5491854246984206,0.38882978723404255,0.29185185185185186,0.32494061757719717,0.5076190476190476,0.7452392947103275,0.9675783650891211
1.0,0.5,SUN397,SVHN,0.506404676035319,0.3595744680851064,0.21481481481481482,0.30760095011876487,0.44253968253968257,0.7383879093198993,0.9735325752919484
0.0,0.75,SUN397,SVHN,0.5365004352692451,0.400531914893617,0.21851851851851853,0.26357878068091845,0.4479365079365079,0.6108816120906801,0.08908266748617087
0.25,0.75,SUN397,SVHN,0.5675910956348713,0.41117021276595744,0.32185185185185183,0.3022961203483769,0.5073015873015873,0.6790931989924434,0.41836969883220654
0.5,0.75,SUN397,SVHN,0.5710732495958214,0.4122340425531915,0.34555555555555556,0.32074425969912906,0.5266666666666666,0.7237783375314861,0.8795328826060234
0.75,0.75,SUN397,SVHN,0.5516726775276707,0.38670212765957446,0.2866666666666667,0.3281076801266825,0.503968253968254,0.7431738035264484,0.9662338660110633
1.0,0.75,SUN397,SVHN,0.5055341375450815,0.3569148936170213,0.2074074074074074,0.31346001583531274,0.43603174603174605,0.7347607052896725,0.973340503995083
0.0,1.0,SUN397,SVHN,0.5365004352692451,0.400531914893617,0.21851851851851853,0.26357878068091845,0.4479365079365079,0.6108816120906801,0.08908266748617087
0.25,1.0,SUN397,SVHN,0.5651038428056212,0.4101063829787234,0.30666666666666664,0.30031670625494855,0.5053968253968254,0.6746095717884131,0.35779041180086046
0.5,1.0,SUN397,SVHN,0.573187414500684,0.41117021276595744,0.362962962962963,0.3193190815518607,0.5257142857142857,0.7178841309823678,0.839620467117394
0.75,1.0,SUN397,SVHN,0.558636985449571,0.3973404255319149,0.31074074074074076,0.32779097387173395,0.515079365079365,0.74,0.9597418561770129
1.0,1.0,SUN397,SVHN,0.5235667205571446,0.3707446808510638,0.22777777777777777,0.3222486144101346,0.4687301587301587,0.7429219143576826,0.9720728334357713
