scaling_factor,k,dataset:0,dataset:1,dataset:2,dataset:3,dataset:4,Cars,DTD,EuroSAT,GTSRB,RESISC45,SUN397,SVHN
0.0,0.25,Cars,DTD,EuroSAT,GTSRB,RESISC45,0.5365004352692451,0.400531914893617,0.21851851851851853,0.26357878068091845,0.4479365079365079,0.6108816120906801,0.08908266748617087
0.25,0.25,Cars,DTD,EuroSAT,GTSRB,RESISC45,0.5557766446959334,0.4223404255319149,0.29259259259259257,0.3049881235154394,0.4926984126984127,0.6181863979848866,0.09795636140135218
0.5,0.25,Cars,DTD,EuroSAT,GTSRB,RESISC45,0.5693321726153463,0.43617021276595747,0.4137037037037037,0.3353127474267617,0.5253968253968254,0.6234256926952141,0.10752151198524892
0.75,0.25,Cars,DTD,EuroSAT,GTSRB,RESISC45,0.5822658873274469,0.45478723404255317,0.49777777777777776,0.3624703087885986,0.5547619047619048,0.6249874055415617,0.11820067609096496
1.0,0.25,Cars,DTD,EuroSAT,GTSRB,RESISC45,0.5903494590225097,0.46595744680851064,0.5625925925925926,0.3869358669833729,0.5814285714285714,0.6257430730478589,0.12818838352796558
0.0,0.5,Cars,DTD,EuroSAT,GTSRB,RESISC45,0.5365004352692451,0.400531914893617,0.21851851851851853,0.26357878068091845,0.4479365079365079,0.6108816120906801,0.08908266748617087
0.25,0.5,Cars,DTD,EuroSAT,GTSRB,RESISC45,0.5534137545081458,0.41808510638297874,0.2803703703703704,0.29564528899445763,0.48412698412698413,0.6165743073047859,0.0956899200983405
0.5,0.5,Cars,DTD,EuroSAT,GTSRB,RESISC45,0.5674667329934088,0.4319148936170213,0.3611111111111111,0.32209026128266033,0.5120634920634921,0.621360201511335,0.10206668715427167
0.75,0.5,Cars,DTD,EuroSAT,GTSRB,RESISC45,0.5787837333664967,0.44627659574468087,0.4514814814814815,0.34259699129057797,0.5411111111111111,0.6237783375314861,0.11101720958819913
1.0,0.5,Cars,DTD,EuroSAT,GTSRB,RESISC45,0.587986568834722,0.45585106382978724,0.5096296296296297,0.3624703087885986,0.5604761904761905,0.6269521410579345,0.11804701905347265
0.0,0.75,Cars,DTD,EuroSAT,GTSRB,RESISC45,0.5365004352692451,0.400531914893617,0.21851851851851853,0.26357878068091845,0.4479365079365079,0.6108816120906801,0.08908266748617087
0.25,0.75,Cars,DTD,EuroSAT,GTSRB,RESISC45,0.5534137545081458,0.41808510638297874,0.2803703703703704,0.2955661124307205,0.48412698412698413,0.6166246851385391,0.09572833435771358
0.5,0.75,Cars,DTD,EuroSAT,GTSRB,RESISC45,0.5674667329934088,0.4319148936170213,0.3603703703703704,0.32185273159144895,0.5117460317460317,0.621360201511335,0.10206668715427167
0.75,0.75,Cars,DTD,EuroSAT,GTSRB,RESISC45,0.5787837333664967,0.44574468085106383,0.45037037037037037,0.34251781472684084,0.540952380952381,0.623727959697733,0.11094038106945298
1.0,0.75,Cars,DTD,EuroSAT,GTSRB,RESISC45,0.5876134809103345,0.4563829787234043,0.5085185185185185,0.3623119556611243,0.5603174603174603,0.6270025188916877,0.11793177627535341
0.0,1.0,Cars,DTD,EuroSAT,GTSRB,RESISC45,0.5365004352692451,0.400531914893617,0.21851851851851853,0.26357878068091845,0.4479365079365079,0.6108816120906801,0.08908266748617087
0.25,1.0,Cars,DTD,EuroSAT,GTSRB,RESISC45,0.5532893918666832,0.41808510638297874,0.2796296296296296,0.2955661124307205,0.483968253968254,0.6164231738035264,0.09561309157959434
0.5,1.0,Cars,DTD,EuroSAT,GTSRB,RESISC45,0.5672180077104838,0.4319148936170213,0.36,0.3217735550277118,0.5115873015873016,0.6215617128463476,0.10206668715427167
0.75,1.0,Cars,DTD,EuroSAT,GTSRB,RESISC45,0.5782862828006466,0.44574468085106383,0.45,0.34228028503562946,0.5407936507936508,0.6237783375314861,0.11082513829133374
1.0,1.0,Cars,DTD,EuroSAT,GTSRB,RESISC45,0.5874891182688721,0.4563829787234043,0.5077777777777778,0.36223277909738716,0.56,0.6269521410579345,0.11800860479409957
0.0,0.25,Cars,DTD,EuroSAT,GTSRB,SUN397,0.5365004352692451,0.400531914893617,0.21851851851851853,0.26357878068091845,0.4479365079365079,0.6108816120906801,0.08908266748617087
0.25,0.25,Cars,DTD,EuroSAT,GTSRB,SUN397,0.5577664469593334,0.4196808510638298,0.2937037037037037,0.3075217735550277,0.4696825396825397,0.6201511335012595,0.09649661954517517
0.5,0.25,Cars,DTD,EuroSAT,GTSRB,SUN397,0.5721925133689839,0.4340425531914894,0.4140740740740741,0.3395882818685669,0.48793650793650795,0.6281108312342569,0.10321911493546404
0.75,0.25,Cars,DTD,EuroSAT,GTSRB,SUN397,0.586245491854247,0.44627659574468087,0.49,0.36642913697545526,0.49952380952380954,0.6318387909319899,0.11109403810694529
1.0,0.25,Cars,DTD,EuroSAT,GTSRB,SUN397,0.5959457778883224,0.4542553191489362,0.5459259259259259,0.39239904988123514,0.506984126984127,0.6343073047858943,0.11893054701905348
0.0,0.5,Cars,DTD,EuroSAT,GTSRB,SUN397,0.5365004352692451,0.400531914893617,0.21851851851851853,0.26357878068091845,0.4479365079365079,0.6108816120906801,0.08908266748617087
0.25,0.5,Cars,DTD,EuroSAT,GTSRB,SUN397,0.5550304688471583,0.41648936170212764,0.2774074074074074,0.29762470308788597,0.4677777777777778,0.6188413098236776,0.09511370620774431
0.5,0.5,Cars,DTD,EuroSAT,GTSRB,SUN397,0.5667205571446338,0.4297872340425532,0.36925925925925923,0.3253365003958828,0.4819047619047619,0.6270025188916877,0.10049170251997541
0.75,0.5,Cars,DTD,EuroSAT,GTSRB,SUN397,0.5825146126103719,0.43829787234042555,0.4462962962962963,0.34679334916864607,0.49444444444444446,0.6324937027707809,0.10721419791026429
1.0,0.5,Cars,DTD,EuroSAT,GTSRB,SUN397,0.5924636239273722,0.45,0.49444444444444446,0.3648456057007126,0.5026984126984126,0.6354659949622167,0.11378303626306085
0.0,0.75,Cars,DTD,EuroSAT,GTSRB,SUN397,0.5365004352692451,0.400531914893617,0.21851851851851853,0.26357878068091845,0.4479365079365079,0.6108816120906801,0.08908266748617087
0.25,0.75,Cars,DTD,EuroSAT,GTSRB,SUN397,0.5549061062056958,0.41648936170212764,0.2774074074074074,0.29754552652414884,0.4677777777777778,0.6189420654911839,0.09507529194837123
0.5,0.75,Cars,DTD,EuroSAT,GTSRB,SUN397,0.5669692824275587,0.42925531914893617,0.36777777777777776,0.3250989707046714,0.4819047619047619,0.6269521410579345,0.10049170251997541
0.75,0.75,Cars,DTD,EuroSAT,GTSRB,SUN397,0.5825146126103719,0.43829787234042555,0.44592592592592595,0.34639746634996044,0.4942857142857143,0.6325944584382871,0.1070221266133989
1.0,0.75,Cars,DTD,EuroSAT,GTSRB,SUN397,0.5922148986444472,0.451063829787234,0.49333333333333335,0.36405384006334124,0.5031746031746032,0.6354659949622167,0.11355255070682237
0.0,1.0,Cars,DTD,EuroSAT,GTSRB,SUN397,0.5365004352692451,0.400531914893617,0.21851851851851853,0.26357878068091845,0.4479365079365079,0.6108816120906801,0.08908266748617087
0.25,1.0,Cars,DTD,EuroSAT,GTSRB,SUN397,0.5549061062056958,0.41595744680851066,0.2774074074074074,0.2977038796516231,0.4677777777777778,0.6189924433249371,0.09507529194837123
0.5,1.0,Cars,DTD,EuroSAT,GTSRB,SUN397,0.5665961945031712,0.4297872340425532,0.36703703703703705,0.32494061757719717,0.4819047619047619,0.6271032745591939,0.10049170251997541
0.75,1.0,Cars,DTD,EuroSAT,GTSRB,SUN397,0.5822658873274469,0.43829787234042555,0.44555555555555554,0.34600158353127475,0.4942857142857143,0.6324937027707809,0.10694529809465274
1.0,1.0,Cars,DTD,EuroSAT,GTSRB,SUN397,0.5917174480785972,0.451063829787234,0.4918518518518519,0.3644497228820269,0.5036507936507937,0.635264483627204,0.11336047940995697
0.0,0.25,Cars,DTD,EuroSAT,GTSRB,SVHN,0.5365004352692451,0.400531914893617,0.21851851851851853,0.26357878068091845,0.4479365079365079,0.6108816120906801,0.08908266748617087
0.25,0.25,Cars,DTD,EuroSAT,GTSRB,SVHN,0.5546573809227708,0.41648936170212764,0.2903703703703704,0.3086302454473476,0.4695238095238095,0.6164231738035264,0.12146588813767671
0.5,0.25,Cars,DTD,EuroSAT,GTSRB,SVHN,0.5674667329934088,0.4319148936170213,0.4140740740740741,0.3411718131433096,0.48777777777777775,0.6194962216624685,0.18477258758451137
0.75,0.25,Cars,DTD,EuroSAT,GTSRB,SVHN,0.5789080960079592,0.44840425531914896,0.48962962962962964,0.36642913697545526,0.49666666666666665,0.6220151133501259,0.30520129071911495
1.0,0.25,Cars,DTD,EuroSAT,GTSRB,SVHN,0.5868673050615595,0.46170212765957447,0.5296296296296297,0.3936658749010293,0.5026984126984126,0.6229722921914358,0.47944837123540257
0.0,0.5,Cars,DTD,EuroSAT,GTSRB,SVHN,0.5365004352692451,0.400531914893617,0.21851851851851853,0.26357878068091845,0.4479365079365079,0.6108816120906801,0.08908266748617087
0.25,0.5,Cars,DTD,EuroSAT,GTSRB,SVHN,0.5527919413008332,0.41595744680851066,0.277037037037037,0.2996832937450515,0.466031746031746,0.6157682619647356,0.11351413644744929
0.5,0.5,Cars,DTD,EuroSAT,GTSRB,SVHN,0.5634871284666086,0.42872340425531913,0.36185185185185187,0.3283452098178939,0.48333333333333334,0.6188916876574307,0.15388752304855563
0.75,0.5,Cars,DTD,EuroSAT,GTSRB,SVHN,0.5760477552543216,0.43936170212765957,0.44296296296296295,0.35130641330166273,0.4949206349206349,0.6215113350125945,0.2234557467732022
1.0,0.5,Cars,DTD,EuroSAT,GTSRB,SVHN,0.5828877005347594,0.451063829787234,0.4918518518518519,0.36983372921615204,0.5004761904761905,0.6231738035264484,0.33370467117393976
0.0,0.75,Cars,DTD,EuroSAT,GTSRB,SVHN,0.5365004352692451,0.400531914893617,0.21851851851851853,0.26357878068091845,0.4479365079365079,0.6108816120906801,0.08908266748617087
0.25,0.75,Cars,DTD,EuroSAT,GTSRB,SVHN,0.5529163039422957,0.4154255319148936,0.277037037037037,0.29984164687252574,0.46634920634920635,0.6158690176322418,0.11347572218807621
0.5,0.75,Cars,DTD,EuroSAT,GTSRB,SVHN,0.5633627658251461,0.42925531914893617,0.3603703703703704,0.32818685669041964,0.48333333333333334,0.6188916876574307,0.1533881376767056
0.75,0.75,Cars,DTD,EuroSAT,GTSRB,SVHN,0.5756746673299341,0.43882978723404253,0.44185185185185183,0.35130641330166273,0.49523809523809526,0.6216624685138539,0.2219960049170252
1.0,0.75,Cars,DTD,EuroSAT,GTSRB,SVHN,0.5830120631762219,0.4521276595744681,0.49074074074074076,0.36983372921615204,0.5001587301587301,0.6234760705289673,0.33170712968653965
0.0,1.0,Cars,DTD,EuroSAT,GTSRB,SVHN,0.5365004352692451,0.400531914893617,0.21851851851851853,0.26357878068091845,0.4479365079365079,0.6108816120906801,0.08908266748617087
0.25,1.0,Cars,DTD,EuroSAT,GTSRB,SVHN,0.5527919413008332,0.4154255319148936,0.27666666666666667,0.29984164687252574,0.466031746031746,0.6158186397984886,0.11336047940995697
0.5,1.0,Cars,DTD,EuroSAT,GTSRB,SVHN,0.5636114911080712,0.42925531914893617,0.3592592592592593,0.32818685669041964,0.48333333333333334,0.6187909319899244,0.1531576521204671
0.75,1.0,Cars,DTD,EuroSAT,GTSRB,SVHN,0.5759233926128591,0.43882978723404253,0.4414814814814815,0.3510688836104513,0.4946031746031746,0.6214105793450881,0.22122771972956362
1.0,1.0,Cars,DTD,EuroSAT,GTSRB,SVHN,0.5827633378932968,0.45053191489361705,0.48962962962962964,0.36943784639746635,0.5003174603174603,0.6234760705289673,0.32978641671788567
0.0,0.25,Cars,DTD,EuroSAT,RESISC45,SUN397,0.5365004352692451,0.400531914893617,0.21851851851851853,0.26357878068091845,0.4479365079365079,0.6108816120906801,0.08908266748617087
0.25,0.25,Cars,DTD,EuroSAT,RESISC45,SUN397,0.5565228205447084,0.4218085106382979,0.2962962962962963,0.2714172604908947,0.4928571428571429,0.6203526448362721,0.09257836508912108
0.5,0.25,Cars,DTD,EuroSAT,RESISC45,SUN397,0.573436139783609,0.43882978723404253,0.4159259259259259,0.27498020585906574,0.5296825396825396,0.6279093198992444,0.09580516287645974
0.75,0.25,Cars,DTD,EuroSAT,RESISC45,SUN397,0.589230195249347,0.44893617021276594,0.5022222222222222,0.2784639746634996,0.5607936507936508,0.6321410579345088,0.09764904732636755
1.0,0.25,Cars,DTD,EuroSAT,RESISC45,SUN397,0.5976868548687975,0.46170212765957447,0.5888888888888889,0.2803642121931908,0.5873015873015873,0.6354659949622167,0.09972341733251383
0.0,0.5,Cars,DTD,EuroSAT,RESISC45,SUN397,0.5365004352692451,0.400531914893617,0.21851851851851853,0.26357878068091845,0.4479365079365079,0.6108816120906801,0.08908266748617087
0.25,0.5,Cars,DTD,EuroSAT,RESISC45,SUN397,0.5540355677154583,0.41648936170212764,0.2833333333333333,0.2705463182897862,0.48428571428571426,0.6196473551637279,0.09223263675476337
0.5,0.5,Cars,DTD,EuroSAT,RESISC45,SUN397,0.5677154582763337,0.4319148936170213,0.35814814814814816,0.27228820269200316,0.5163492063492063,0.6283123425692695,0.09526736324523663
0.75,0.5,Cars,DTD,EuroSAT,RESISC45,SUN397,0.5826389752518344,0.44361702127659575,0.45037037037037037,0.27379255740300873,0.5438095238095239,0.6315869017632242,0.09734173325138291
1.0,0.5,Cars,DTD,EuroSAT,RESISC45,SUN397,0.5942047009078473,0.4553191489361702,0.5133333333333333,0.2770387965162312,0.5682539682539682,0.6366246851385391,0.09926244622003688
0.0,0.75,Cars,DTD,EuroSAT,RESISC45,SUN397,0.5365004352692451,0.400531914893617,0.21851851851851853,0.26357878068091845,0.4479365079365079,0.6108816120906801,0.08908266748617087
0.25,0.75,Cars,DTD,EuroSAT,RESISC45,SUN397,0.5541599303569208,0.41648936170212764,0.2825925925925926,0.2702296120348377,0.483968253968254,0.6195969773299748,0.09223263675476337
0.5,0.75,Cars,DTD,EuroSAT,RESISC45,SUN397,0.5675910956348713,0.4319148936170213,0.35703703703703704,0.2725257323832146,0.5168253968253969,0.6280604534005038,0.09526736324523663
0.75,0.75,Cars,DTD,EuroSAT,RESISC45,SUN397,0.5823902499689093,0.44361702127659575,0.45037037037037037,0.27387173396674586,0.5436507936507936,0.6315869017632242,0.09726490473263676
1.0,0.75,Cars,DTD,EuroSAT,RESISC45,SUN397,0.5942047009078473,0.45478723404255317,0.5118518518518519,0.27688044338875695,0.5676190476190476,0.6367758186397985,0.09910878918254457
0.0,1.0,Cars,DTD,EuroSAT,RESISC45,SUN397,0.5365004352692451,0.400531914893617,0.21851851851851853,0.26357878068091845,0.4479365079365079,0.6108816120906801,0.08908266748617087
0.25,1.0,Cars,DTD,EuroSAT,RESISC45,SUN397,0.5540355677154583,0.41648936170212764,0.2825925925925926,0.2702296120348377,0.48412698412698413,0.6196473551637279,0.09223263675476337
0.5,1.0,Cars,DTD,EuroSAT,RESISC45,SUN397,0.5675910956348713,0.4319148936170213,0.3566666666666667,0.2725257323832146,0.5166666666666667,0.6281612090680101,0.09526736324523663
0.75,1.0,Cars,DTD,EuroSAT,RESISC45,SUN397,0.5823902499689093,0.4441489361702128,0.44925925925925925,0.27339667458432304,0.5436507936507936,0.631536523929471,0.09730331899200984
1.0,1.0,Cars,DTD,EuroSAT,RESISC45,SUN397,0.5938316129834598,0.4542553191489362,0.5103703703703704,0.27672209026128264,0.5676190476190476,0.636926952141058,0.09910878918254457
0.0,0.25,Cars,DTD,EuroSAT,RESISC45,SVHN,0.5365004352692451,0.400531914893617,0.21851851851851853,0.26357878068091845,0.4479365079365079,0.6108816120906801,0.08908266748617087
0.25,0.25,Cars,DTD,EuroSAT,RESISC45,SVHN,0.5537868424325333,0.41914893617021276,0.3011111111111111,0.27719714964370545,0.49206349206349204,0.6174811083123426,0.1181238475722188
0.5,0.25,Cars,DTD,EuroSAT,RESISC45,SVHN,0.5679641835592588,0.44042553191489364,0.42518518518518517,0.28440221694378465,0.5290476190476191,0.6213098236775819,0.1726720958819914
0.75,0.25,Cars,DTD,EuroSAT,RESISC45,SVHN,0.5805248103469718,0.44893617021276594,0.5081481481481481,0.2906571654790182,0.5607936507936508,0.626095717884131,0.28756914566687153
1.0,0.25,Cars,DTD,EuroSAT,RESISC45,SVHN,0.5891058326078846,0.4627659574468085,0.5562962962962963,0.29350752177355505,0.5874603174603175,0.6249370277078086,0.4799093423478795
0.0,0.5,Cars,DTD,EuroSAT,RESISC45,SVHN,0.5365004352692451,0.400531914893617,0.21851851851851853,0.26357878068091845,0.4479365079365079,0.6108816120906801,0.08908266748617087
0.25,0.5,Cars,DTD,EuroSAT,RESISC45,SVHN,0.5539112050739958,0.4148936170212766,0.28185185185185185,0.2729216152019002,0.4857142857142857,0.616272040302267,0.11021051014136447
0.5,0.5,Cars,DTD,EuroSAT,RESISC45,SVHN,0.5654769307300087,0.43031914893617024,0.36185185185185187,0.2784639746634996,0.5188888888888888,0.6202015113350126,0.14401505838967424
0.75,0.5,Cars,DTD,EuroSAT,RESISC45,SVHN,0.5789080960079592,0.4430851063829787,0.447037037037037,0.2828978622327791,0.5452380952380952,0.624080604534005,0.20090657652120467
1.0,0.5,Cars,DTD,EuroSAT,RESISC45,SVHN,0.5863698544957094,0.4526595744680851,0.5055555555555555,0.2868566904196358,0.5712698412698413,0.6265994962216624,0.3024354640442532
0.0,0.75,Cars,DTD,EuroSAT,RESISC45,SVHN,0.5365004352692451,0.400531914893617,0.21851851851851853,0.26357878068091845,0.4479365079365079,0.6108816120906801,0.08908266748617087
0.25,0.75,Cars,DTD,EuroSAT,RESISC45,SVHN,0.5535381171496082,0.4148936170212766,0.28185185185185185,0.27315914489311166,0.48603174603174604,0.6162216624685138,0.11005685310387216
0.5,0.75,Cars,DTD,EuroSAT,RESISC45,SVHN,0.5657256560129337,0.43031914893617024,0.3611111111111111,0.27878068091844815,0.5188888888888888,0.6201511335012595,0.14351567301782422
0.75,0.75,Cars,DTD,EuroSAT,RESISC45,SVHN,0.5782862828006466,0.4430851063829787,0.44666666666666666,0.28281868566904195,0.545079365079365,0.6244836272040303,0.1999078057775046
1.0,0.75,Cars,DTD,EuroSAT,RESISC45,SVHN,0.5859967665713219,0.4521276595744681,0.5048148148148148,0.2868566904196358,0.5711111111111111,0.6265994962216624,0.2998617086662569
0.0,1.0,Cars,DTD,EuroSAT,RESISC45,SVHN,0.5365004352692451,0.400531914893617,0.21851851851851853,0.26357878068091845,0.4479365079365079,0.6108816120906801,0.08908266748617087
0.25,1.0,Cars,DTD,EuroSAT,RESISC45,SVHN,0.5537868424325333,0.41436170212765955,0.2814814814814815,0.27315914489311166,0.4857142857142857,0.6163224181360202,0.109980024585126
0.5,1.0,Cars,DTD,EuroSAT,RESISC45,SVHN,0.5654769307300087,0.43138297872340425,0.36074074074074075,0.278701504354711,0.5190476190476191,0.6202518891687657,0.14324677320221266
0.75,1.0,Cars,DTD,EuroSAT,RESISC45,SVHN,0.5782862828006466,0.4430851063829787,0.4451851851851852,0.2826603325415677,0.5447619047619048,0.6243324937027708,0.1987937922556853
1.0,1.0,Cars,DTD,EuroSAT,RESISC45,SVHN,0.5856236786469344,0.4521276595744681,0.5040740740740741,0.28677751385589867,0.5712698412698413,0.6265994962216624,0.2974416103257529
0.0,0.25,Cars,DTD,EuroSAT,SUN397,SVHN,0.5365004352692451,0.400531914893617,0.21851851851851853,0.26357878068091845,0.4479365079365079,0.6108816120906801,0.08908266748617087
0.25,0.25,Cars,DTD,EuroSAT,SUN397,SVHN,0.5563984579032458,0.41648936170212764,0.29703703703703704,0.2774346793349169,0.4715873015873016,0.6196473551637279,0.1172019053472649
0.5,0.25,Cars,DTD,EuroSAT,SUN397,SVHN,0.5703270737470464,0.43031914893617024,0.42333333333333334,0.28558986539984166,0.48873015873015874,0.6264987405541562,0.17167332513829134
0.75,0.25,Cars,DTD,EuroSAT,SUN397,SVHN,0.5818927994030593,0.44574468085106383,0.49962962962962965,0.2924782264449723,0.5022222222222222,0.632191435768262,0.28476490473263677
1.0,0.25,Cars,DTD,EuroSAT,SUN397,SVHN,0.5925879865688347,0.4574468085106383,0.5507407407407408,0.29564528899445763,0.5082539682539683,0.6347607052896725,0.47687461585740626
0.0,0.5,Cars,DTD,EuroSAT,SUN397,SVHN,0.5365004352692451,0.400531914893617,0.21851851851851853,0.26357878068091845,0.4479365079365079,0.6108816120906801,0.08908266748617087
0.25,0.5,Cars,DTD,EuroSAT,SUN397,SVHN,0.5537868424325333,0.4148936170212766,0.2822222222222222,0.27490102929532856,0.4677777777777778,0.6178841309823677,0.10986478180700676
0.5,0.5,Cars,DTD,EuroSAT,SUN397,SVHN,0.5664718318617088,0.4276595744680851,0.3811111111111111,0.28028503562945367,0.48238095238095235,0.6247858942065491,0.14343884449907807
0.75,0.5,Cars,DTD,EuroSAT,SUN397,SVHN,0.5782862828006466,0.43617021276595747,0.45555555555555555,0.28725257323832143,0.4980952380952381,0.6306801007556675,0.20017670559311618
1.0,0.5,Cars,DTD,EuroSAT,SUN397,SVHN,0.5874891182688721,0.45159574468085106,0.5025925925925926,0.2908946951702296,0.5033333333333333,0.6348110831234257,0.29794099569760296
0.0,0.75,Cars,DTD,EuroSAT,SUN397,SVHN,0.5365004352692451,0.400531914893617,0.21851851851851853,0.26357878068091845,0.4479365079365079,0.6108816120906801,0.08908266748617087
0.25,0.75,Cars,DTD,EuroSAT,SUN397,SVHN,0.5537868424325333,0.41436170212765955,0.2814814814814815,0.2747426761678543,0.4677777777777778,0.6178841309823677,0.10971112476951445
0.5,0.75,Cars,DTD,EuroSAT,SUN397,SVHN,0.5664718318617088,0.4276595744680851,0.38037037037037036,0.2803642121931908,0.48238095238095235,0.6245340050377833,0.14293945912722802
0.75,0.75,Cars,DTD,EuroSAT,SUN397,SVHN,0.5781619201591842,0.43670212765957445,0.45444444444444443,0.28725257323832143,0.4984126984126984,0.6303778337531486,0.19910110633066994
1.0,0.75,Cars,DTD,EuroSAT,SUN397,SVHN,0.587240392985947,0.45159574468085106,0.5018518518518519,0.2910530482977039,0.5033333333333333,0.6347103274559194,0.29529041180086046
0.0,1.0,Cars,DTD,EuroSAT,SUN397,SVHN,0.5365004352692451,0.400531914893617,0.21851851851851853,0.26357878068091845,0.4479365079365079,0.6108816120906801,0.08908266748617087
0.25,1.0,Cars,DTD,EuroSAT,SUN397,SVHN,0.5537868424325333,0.41436170212765955,0.28074074074074074,0.27458432304038005,0.46793650793650793,0.6179345088161209,0.10951905347264905
0.5,1.0,Cars,DTD,EuroSAT,SUN397,SVHN,0.5665961945031712,0.4276595744680851,0.37962962962962965,0.27996832937450516,0.4826984126984127,0.6243828715365239,0.1426321450522434
0.75,1.0,Cars,DTD,EuroSAT,SUN397,SVHN,0.5781619201591842,0.43617021276595747,0.4540740740740741,0.28725257323832143,0.4980952380952381,0.6304282115869018,0.19794867854947756
1.0,1.0,Cars,DTD,EuroSAT,SUN397,SVHN,0.587240392985947,0.45159574468085106,0.49962962962962965,0.29097387173396677,0.5038095238095238,0.6348110831234257,0.2928318992009834
0.0,0.25,Cars,DTD,GTSRB,RESISC45,SUN397,0.5365004352692451,0.400531914893617,0.21851851851851853,0.26357878068091845,0.4479365079365079,0.6108816120906801,0.08908266748617087
0.25,0.25,Cars,DTD,GTSRB,RESISC45,SUN397,0.5570202711105584,0.423936170212766,0.22,0.3041963578780681,0.493015873015873,0.6202015113350126,0.09910878918254457
0.5,0.25,Cars,DTD,GTSRB,RESISC45,SUN397,0.573436139783609,0.43670212765957445,0.22592592592592592,0.33990498812351544,0.5358730158730158,0.6280604534005038,0.11109403810694529
0.75,0.25,Cars,DTD,GTSRB,RESISC45,SUN397,0.5828877005347594,0.449468085106383,0.23222222222222222,0.37125890736342043,0.5714285714285714,0.6331989924433249,0.12546097111247695
1.0,0.25,Cars,DTD,GTSRB,RESISC45,SUN397,0.5939559756249223,0.4601063829787234,0.24555555555555555,0.40411718131433094,0.6071428571428571,0.6355667506297229,0.1396358328211432
0.0,0.5,Cars,DTD,GTSRB,RESISC45,SUN397,0.5365004352692451,0.400531914893617,0.21851851851851853,0.26357878068091845,0.4479365079365079,0.6108816120906801,0.08908266748617087
0.25,0.5,Cars,DTD,GTSRB,RESISC45,SUN397,0.5541599303569208,0.41914893617021276,0.22185185185185186,0.2959619952494062,0.48587301587301585,0.6192947103274559,0.09741856177012907
0.5,0.5,Cars,DTD,GTSRB,RESISC45,SUN397,0.5689590846909588,0.43457446808510636,0.22666666666666666,0.32145684877276326,0.5188888888888888,0.6272544080604534,0.1062922556853104
0.75,0.5,Cars,DTD,GTSRB,RESISC45,SUN397,0.5792811839323467,0.44574468085106383,0.23296296296296296,0.3488519398258116,0.5504761904761905,0.6313350125944585,0.11770129071911493
1.0,0.5,Cars,DTD,GTSRB,RESISC45,SUN397,0.5868673050615595,0.45372340425531915,0.2374074074074074,0.37252573238321457,0.5782539682539682,0.6357682619647356,0.12972495390288874
0.0,0.75,Cars,DTD,GTSRB,RESISC45,SUN397,0.5365004352692451,0.400531914893617,0.21851851851851853,0.26357878068091845,0.4479365079365079,0.6108816120906801,0.08908266748617087
0.25,0.75,Cars,DTD,GTSRB,RESISC45,SUN397,0.5537868424325333,0.41914893617021276,0.2222222222222222,0.2959619952494062,0.4857142857142857,0.6192947103274559,0.09734173325138291
0.5,0.75,Cars,DTD,GTSRB,RESISC45,SUN397,0.5689590846909588,0.43457446808510636,0.22666666666666666,0.32145684877276326,0.5188888888888888,0.6273047858942066,0.10613859864781806
0.75,0.75,Cars,DTD,GTSRB,RESISC45,SUN397,0.5794055465738093,0.44574468085106383,0.2325925925925926,0.3486935866983373,0.5501587301587302,0.6313350125944585,0.11754763368162262
1.0,0.75,Cars,DTD,GTSRB,RESISC45,SUN397,0.587737843551797,0.4531914893617021,0.23777777777777778,0.3718923198733175,0.5780952380952381,0.6356675062972292,0.12968653964351567
0.0,1.0,Cars,DTD,GTSRB,RESISC45,SUN397,0.5365004352692451,0.400531914893617,0.21851851851851853,0.26357878068091845,0.4479365079365079,0.6108816120906801,0.08908266748617087
0.25,1.0,Cars,DTD,GTSRB,RESISC45,SUN397,0.5541599303569208,0.4186170212765957,0.2222222222222222,0.29588281868566907,0.4855555555555556,0.6194458438287154,0.097380147510756
0.5,1.0,Cars,DTD,GTSRB,RESISC45,SUN397,0.5687103594080338,0.4351063829787234,0.2262962962962963,0.32106096595407757,0.5185714285714286,0.6273047858942066,0.10613859864781806
0.75,1.0,Cars,DTD,GTSRB,RESISC45,SUN397,0.5796542718567342,0.44574468085106383,0.23222222222222222,0.3482185273159145,0.55,0.631536523929471,0.11747080516287646
1.0,1.0,Cars,DTD,GTSRB,RESISC45,SUN397,0.5871160303444846,0.4531914893617021,0.23777777777777778,0.3718923198733175,0.5776190476190476,0.6357178841309824,0.12964812538414258
0.0,0.25,Cars,DTD,GTSRB,RESISC45,SVHN,0.5365004352692451,0.400531914893617,0.21851851851851853,0.26357878068091845,0.4479365079365079,0.6108816120906801,0.08908266748617087
0.25,0.25,Cars,DTD,GTSRB,RESISC45,SVHN,0.5537868424325333,0.42021276595744683,0.22444444444444445,0.3034837688044339,0.4926984126984127,0.6178841309823677,0.1233097725875845
0.5,0.25,Cars,DTD,GTSRB,RESISC45,SVHN,0.5699539858226589,0.4372340425531915,0.2374074074074074,0.3348376880443389,0.5338095238095238,0.6226196473551637,0.19299323909035035
0.75,0.25,Cars,DTD,GTSRB,RESISC45,SVHN,0.5774157443104092,0.44893617021276594,0.24851851851851853,0.36872525732383216,0.5728571428571428,0.623727959697733,0.32944068838352797
1.0,0.25,Cars,DTD,GTSRB,RESISC45,SVHN,0.5852505907225469,0.46117021276595743,0.2588888888888889,0.39564528899445767,0.6050793650793651,0.6223173803526448,0.5264674247080516
0.0,0.5,Cars,DTD,GTSRB,RESISC45,SVHN,0.5365004352692451,0.400531914893617,0.21851851851851853,0.26357878068091845,0.4479365079365079,0.6108816120906801,0.08908266748617087
0.25,0.5,Cars,DTD,GTSRB,RESISC45,SVHN,0.5520457654520582,0.41595744680851066,0.22148148148148147,0.29643705463182896,0.4861904761904762,0.616272040302267,0.11528119237861094
0.5,0.5,Cars,DTD,GTSRB,RESISC45,SVHN,0.5659743812958588,0.42872340425531913,0.22962962962962963,0.32478226444972286,0.5188888888888888,0.6211083123425692,0.1578441917639828
0.75,0.5,Cars,DTD,GTSRB,RESISC45,SVHN,0.5761721178957842,0.44574468085106383,0.24222222222222223,0.3501187648456057,0.5507936507936508,0.6220654911838791,0.2342501536570375
1.0,0.5,Cars,DTD,GTSRB,RESISC45,SVHN,0.5833851511006094,0.44893617021276594,0.24814814814814815,0.3740300870942201,0.5819047619047619,0.6246347607052897,0.35921173939766443
0.0,0.75,Cars,DTD,GTSRB,RESISC45,SVHN,0.5365004352692451,0.400531914893617,0.21851851851851853,0.26357878068091845,0.4479365079365079,0.6108816120906801,0.08908266748617087
0.25,0.75,Cars,DTD,GTSRB,RESISC45,SVHN,0.5519214028105957,0.41595744680851066,0.22148148148148147,0.29643705463182896,0.4861904761904762,0.6161712846347607,0.11501229256299939
0.5,0.75,Cars,DTD,GTSRB,RESISC45,SVHN,0.5662231065787837,0.42819148936170215,0.2288888888888889,0.3246239113222486,0.5184126984126984,0.6211083123425692,0.1576521204671174
0.75,0.75,Cars,DTD,GTSRB,RESISC45,SVHN,0.5760477552543216,0.4452127659574468,0.24222222222222223,0.35003958828186854,0.5512698412698412,0.6219143576826196,0.23271358328211433
1.0,0.75,Cars,DTD,GTSRB,RESISC45,SVHN,0.5828877005347594,0.44893617021276594,0.2474074074074074,0.3742676167854315,0.5814285714285714,0.6245340050377833,0.35671481253841425
0.0,1.0,Cars,DTD,GTSRB,RESISC45,SVHN,0.5365004352692451,0.400531914893617,0.21851851851851853,0.26357878068091845,0.4479365079365079,0.6108816120906801,0.08908266748617087
0.25,1.0,Cars,DTD,GTSRB,RESISC45,SVHN,0.5517970401691332,0.41595744680851066,0.22148148148148147,0.29651623119556614,0.4861904761904762,0.6160201511335013,0.11478180700676091
0.5,1.0,Cars,DTD,GTSRB,RESISC45,SVHN,0.5659743812958588,0.42819148936170215,0.2288888888888889,0.32446555819477435,0.5182539682539683,0.6212090680100756,0.15722956361401352
0.75,1.0,Cars,DTD,GTSRB,RESISC45,SVHN,0.5759233926128591,0.44468085106382976,0.2414814814814815,0.34932699920823435,0.550952380952381,0.6218639798488665,0.23117701290719114
1.0,1.0,Cars,DTD,GTSRB,RESISC45,SVHN,0.5830120631762219,0.44840425531914896,0.24703703703703703,0.37395091053048296,0.580952380952381,0.6241309823677582,0.35448678549477564
0.0,0.25,Cars,DTD,GTSRB,SUN397,SVHN,0.5365004352692451,0.400531914893617,0.21851851851851853,0.26357878068091845,0.4479365079365079,0.6108816120906801,0.08908266748617087
0.25,0.25,Cars,DTD,GTSRB,SUN397,SVHN,0.5557766446959334,0.41808510638297874,0.22185185185185186,0.30744259699129056,0.46634920634920635,0.62,0.12300245851259987
0.5,0.25,Cars,DTD,GTSRB,SUN397,SVHN,0.5690834473324213,0.4351063829787234,0.22555555555555556,0.34291369754552653,0.4857142857142857,0.6276070528967255,0.191379840196681
0.75,0.25,Cars,DTD,GTSRB,SUN397,SVHN,0.5806491729884343,0.44893617021276594,0.23333333333333334,0.37410926365795727,0.49936507936507935,0.6336523929471033,0.32294867854947756
1.0,0.25,Cars,DTD,GTSRB,SUN397,SVHN,0.5899763710981222,0.45478723404255317,0.2562962962962963,0.40190023752969123,0.5111111111111111,0.6364231738035264,0.5177473878303627
0.0,0.5,Cars,DTD,GTSRB,SUN397,SVHN,0.5365004352692451,0.400531914893617,0.21851851851851853,0.26357878068091845,0.4479365079365079,0.6108816120906801,0.08908266748617087
0.25,0.5,Cars,DTD,GTSRB,SUN397,SVHN,0.5535381171496082,0.4154255319148936,0.22037037037037038,0.29794140934283453,0.4650793650793651,0.6182367758186398,0.11478180700676091
0.5,0.5,Cars,DTD,GTSRB,SUN397,SVHN,0.5668449197860963,0.43351063829787234,0.2262962962962963,0.3258115597783056,0.4838095238095238,0.6249874055415617,0.15915027658266748
0.75,0.5,Cars,DTD,GTSRB,SUN397,SVHN,0.5780375575177217,0.4441489361702128,0.2311111111111111,0.3529691211401425,0.49476190476190474,0.6300251889168765,0.2342117393976644
1.0,0.5,Cars,DTD,GTSRB,SUN397,SVHN,0.5867429424200971,0.45585106382978724,0.24407407407407408,0.37624703087885986,0.508095238095238,0.6341561712846348,0.3548325138291334
0.0,0.75,Cars,DTD,GTSRB,SUN397,SVHN,0.5365004352692451,0.400531914893617,0.21851851851851853,0.26357878068091845,0.4479365079365079,0.6108816120906801,0.08908266748617087
0.25,0.75,Cars,DTD,GTSRB,SUN397,SVHN,0.5536624797910707,0.4154255319148936,0.22,0.2977830562153603,0.4649206349206349,0.6183879093198993,0.11466656422864167
0.5,0.75,Cars,DTD,GTSRB,SUN397,SVHN,0.5664718318617088,0.43351063829787234,0.22666666666666666,0.3257323832145685,0.483968253968254,0.6248362720403022,0.15822833435771358
0.75,0.75,Cars,DTD,GTSRB,SUN397,SVHN,0.5781619201591842,0.4441489361702128,0.2311111111111111,0.3527315914489311,0.49507936507936506,0.6300251889168765,0.23190688383527966
1.0,0.75,Cars,DTD,GTSRB,SUN397,SVHN,0.586494217137172,0.45478723404255317,0.24296296296296296,0.37585114806017417,0.5085714285714286,0.6342065491183879,0.35118315918869086
0.0,1.0,Cars,DTD,GTSRB,SUN397,SVHN,0.5365004352692451,0.400531914893617,0.21851851851851853,0.26357878068091845,0.4479365079365079,0.6108816120906801,0.08908266748617087
0.25,1.0,Cars,DTD,GTSRB,SUN397,SVHN,0.5535381171496082,0.41595744680851066,0.21962962962962962,0.29754552652414884,0.46476190476190476,0.6181360201511334,0.11455132145052244
0.5,1.0,Cars,DTD,GTSRB,SUN397,SVHN,0.5664718318617088,0.43351063829787234,0.2262962962962963,0.32589073634204274,0.48365079365079366,0.624735516372796,0.15776736324523663
0.75,1.0,Cars,DTD,GTSRB,SUN397,SVHN,0.5782862828006466,0.4441489361702128,0.23037037037037036,0.35241488519398256,0.4946031746031746,0.6296725440806046,0.23040872771972956
1.0,1.0,Cars,DTD,GTSRB,SUN397,SVHN,0.5863698544957094,0.4553191489361702,0.24222222222222223,0.37553444180522566,0.5082539682539683,0.6340554156171284,0.34857098955132143
0.0,0.25,Cars,DTD,RESISC45,SUN397,SVHN,0.5365004352692451,0.400531914893617,0.21851851851851853,0.26357878068091845,0.4479365079365079,0.6108816120906801,0.08908266748617087
0.25,0.25,Cars,DTD,RESISC45,SUN397,SVHN,0.5547817435642333,0.42127659574468085,0.23148148148148148,0.27529691211401425,0.49444444444444446,0.6207052896725441,0.12150430239704979
0.5,0.25,Cars,DTD,RESISC45,SUN397,SVHN,0.5702027111055838,0.4372340425531915,0.2474074074074074,0.27996832937450516,0.5341269841269841,0.6290176322418136,0.18738475722188075
0.75,0.25,Cars,DTD,RESISC45,SUN397,SVHN,0.5823902499689093,0.45372340425531915,0.2611111111111111,0.2808392715756136,0.5707936507936507,0.6331486146095718,0.3262138905961893
1.0,0.25,Cars,DTD,RESISC45,SUN397,SVHN,0.5924636239273722,0.45851063829787236,0.28629629629629627,0.2876484560570071,0.5992063492063492,0.6365239294710328,0.5490165949600492
0.0,0.5,Cars,DTD,RESISC45,SUN397,SVHN,0.5365004352692451,0.400531914893617,0.21851851851851853,0.26357878068091845,0.4479365079365079,0.6108816120906801,0.08908266748617087
0.25,0.5,Cars,DTD,RESISC45,SUN397,SVHN,0.5529163039422957,0.41648936170212764,0.22666666666666666,0.2729216152019002,0.48587301587301585,0.6189924433249371,0.11305316533497234
0.5,0.5,Cars,DTD,RESISC45,SUN397,SVHN,0.5660987439373212,0.4329787234042553,0.2388888888888889,0.2777513855898654,0.5190476190476191,0.6279596977329975,0.15158266748617086
0.75,0.5,Cars,DTD,RESISC45,SUN397,SVHN,0.5792811839323467,0.4473404255319149,0.25407407407407406,0.27830562153602534,0.5525396825396826,0.632191435768262,0.2195759065765212
1.0,0.5,Cars,DTD,RESISC45,SUN397,SVHN,0.5886083820420346,0.4521276595744681,0.26,0.28329374505146476,0.5766666666666667,0.6342569269521411,0.3397357098955132
0.0,0.75,Cars,DTD,RESISC45,SUN397,SVHN,0.5365004352692451,0.400531914893617,0.21851851851851853,0.26357878068091845,0.4479365079365079,0.6108816120906801,0.08908266748617087
0.25,0.75,Cars,DTD,RESISC45,SUN397,SVHN,0.5530406665837583,0.41648936170212764,0.22666666666666666,0.27276326207442597,0.48603174603174604,0.6189420654911839,0.11289950829748002
0.5,0.75,Cars,DTD,RESISC45,SUN397,SVHN,0.5663474692202463,0.4329787234042553,0.23925925925925925,0.2777513855898654,0.5190476190476191,0.6279596977329975,0.15119852489244007
0.75,0.75,Cars,DTD,RESISC45,SUN397,SVHN,0.5794055465738093,0.4473404255319149,0.2537037037037037,0.2785431512272367,0.5522222222222222,0.6319899244332494,0.21780885064535957
1.0,0.75,Cars,DTD,RESISC45,SUN397,SVHN,0.5881109314761845,0.4531914893617021,0.26037037037037036,0.2833729216152019,0.5763492063492064,0.633904282115869,0.3358558696988322
0.0,1.0,Cars,DTD,RESISC45,SUN397,SVHN,0.5365004352692451,0.400531914893617,0.21851851851851853,0.26357878068091845,0.4479365079365079,0.6108816120906801,0.08908266748617087
0.25,1.0,Cars,DTD,RESISC45,SUN397,SVHN,0.5527919413008332,0.41648936170212764,0.22666666666666666,0.27276326207442597,0.4857142857142857,0.6190931989924433,0.11282267977873386
0.5,1.0,Cars,DTD,RESISC45,SUN397,SVHN,0.5665961945031712,0.4329787234042553,0.23925925925925925,0.2777513855898654,0.5187301587301587,0.6279596977329975,0.1506223110018439
0.75,1.0,Cars,DTD,RESISC45,SUN397,SVHN,0.5789080960079592,0.4473404255319149,0.25222222222222224,0.2785431512272367,0.5515873015873016,0.6317380352644836,0.2160417947141979
1.0,1.0,Cars,DTD,RESISC45,SUN397,SVHN,0.5882352941176471,0.4531914893617021,0.25962962962962965,0.2831353919239905,0.576031746031746,0.6342065491183879,0.3317455439459127
0.0,0.25,Cars,EuroSAT,GTSRB,RESISC45,SUN397,0.5365004352692451,0.400531914893617,0.21851851851851853,0.26357878068091845,0.4479365079365079,0.6108816120906801,0.08908266748617087
0.25,0.25,Cars,EuroSAT,GTSRB,RESISC45,SUN397,0.5557766446959334,0.4095744680851064,0.29777777777777775,0.30443388756927947,0.49333333333333335,0.6189420654911839,0.09849416103257529
0.5,0.25,Cars,EuroSAT,GTSRB,RESISC45,SUN397,0.5725656012933714,0.4186170212765957,0.41703703703703704,0.33539192399049883,0.5282539682539683,0.6279596977329975,0.10917332513829134
0.75,0.25,Cars,EuroSAT,GTSRB,RESISC45,SUN397,0.5871160303444846,0.42659574468085104,0.5037037037037037,0.3616785431512272,0.5614285714285714,0.6321410579345088,0.12119698832206514
1.0,0.25,Cars,EuroSAT,GTSRB,RESISC45,SUN397,0.5948265141151599,0.42872340425531913,0.5785185185185185,0.38764845605700715,0.5915873015873016,0.6340050377833754,0.13256760909649662
0.0,0.5,Cars,EuroSAT,GTSRB,RESISC45,SUN397,0.5365004352692451,0.400531914893617,0.21851851851851853,0.26357878068091845,0.4479365079365079,0.6108816120906801,0.08908266748617087
0.25,0.5,Cars,EuroSAT,GTSRB,RESISC45,SUN397,0.5541599303569208,0.4074468085106383,0.28,0.29493269992082344,0.4853968253968254,0.6187909319899244,0.09684234787953289
0.5,0.5,Cars,EuroSAT,GTSRB,RESISC45,SUN397,0.5670936450690213,0.4175531914893617,0.37222222222222223,0.31955661124307205,0.515079365079365,0.6263476070528967,0.10537031346035648
0.75,0.5,Cars,EuroSAT,GTSRB,RESISC45,SUN397,0.5817684367615968,0.4228723404255319,0.45925925925925926,0.3391132224861441,0.5446031746031746,0.6302770780856424,0.11624154886293792
1.0,0.5,Cars,EuroSAT,GTSRB,RESISC45,SUN397,0.5923392612859097,0.4324468085106383,0.5192592592592593,0.3570863024544735,0.5703174603174603,0.6332493702770781,0.12676705593116164
0.0,0.75,Cars,EuroSAT,GTSRB,RESISC45,SUN397,0.5365004352692451,0.400531914893617,0.21851851851851853,0.26357878068091845,0.4479365079365079,0.6108816120906801,0.08908266748617087
0.25,0.75,Cars,EuroSAT,GTSRB,RESISC45,SUN397,0.5539112050739958,0.40691489361702127,0.28,0.29493269992082344,0.48507936507936505,0.618639798488665,0.09684234787953289
0.5,0.75,Cars,EuroSAT,GTSRB,RESISC45,SUN397,0.5670936450690213,0.4175531914893617,0.37074074074074076,0.3194774346793349,0.515079365079365,0.6263979848866499,0.1053318992009834
0.75,0.75,Cars,EuroSAT,GTSRB,RESISC45,SUN397,0.5817684367615968,0.4223404255319149,0.4585185185185185,0.3388756927949327,0.5449206349206349,0.6300755667506297,0.11597264904732636
1.0,0.75,Cars,EuroSAT,GTSRB,RESISC45,SUN397,0.5924636239273722,0.4324468085106383,0.5177777777777778,0.3567695961995249,0.57,0.6331989924433249,0.126459741856177
0.0,1.0,Cars,EuroSAT,GTSRB,RESISC45,SUN397,0.5365004352692451,0.400531914893617,0.21851851851851853,0.26357878068091845,0.4479365079365079,0.6108816120906801,0.08908266748617087
0.25,1.0,Cars,EuroSAT,GTSRB,RESISC45,SUN397,0.5541599303569208,0.40585106382978725,0.28,0.2947743467933492,0.4849206349206349,0.6185390428211587,0.09688076213890597
0.5,1.0,Cars,EuroSAT,GTSRB,RESISC45,SUN397,0.5668449197860963,0.4175531914893617,0.3688888888888889,0.3190023752969121,0.515079365079365,0.6265491183879093,0.10517824216349109
0.75,1.0,Cars,EuroSAT,GTSRB,RESISC45,SUN397,0.5816440741201343,0.4228723404255319,0.45740740740740743,0.33871733966745843,0.5444444444444444,0.6302267002518892,0.11581899200983405
1.0,1.0,Cars,EuroSAT,GTSRB,RESISC45,SUN397,0.5924636239273722,0.4319148936170213,0.5166666666666667,0.356215360253365,0.5692063492063492,0.6334508816120907,0.12638291333743085
0.0,0.25,Cars,EuroSAT,GTSRB,RESISC45,SVHN,0.5365004352692451,0.400531914893617,0.21851851851851853,0.26357878068091845,0.4479365079365079,0.6108816120906801,0.08908266748617087
0.25,0.25,Cars,EuroSAT,GTSRB,RESISC45,SVHN,0.5532893918666832,0.40904255319148936,0.2974074074074074,0.306492478226445,0.49,0.615919395465995,0.12342501536570374
0.5,0.25,Cars,EuroSAT,GTSRB,RESISC45,SVHN,0.5669692824275587,0.4154255319148936,0.4211111111111111,0.340221694378464,0.5255555555555556,0.6204030226700252,0.191379840196681
0.75,0.25,Cars,EuroSAT,GTSRB,RESISC45,SVHN,0.5785350080835717,0.425,0.5022222222222222,0.36500395882818687,0.5585714285714286,0.6224685138539043,0.31845421020282727
1.0,0.25,Cars,EuroSAT,GTSRB,RESISC45,SVHN,0.5848775027981594,0.4297872340425532,0.5514814814814815,0.3901029295328583,0.5857142857142857,0.6225692695214106,0.497080516287646
0.0,0.5,Cars,EuroSAT,GTSRB,RESISC45,SVHN,0.5365004352692451,0.400531914893617,0.21851851851851853,0.26357878068091845,0.4479365079365079,0.6108816120906801,0.08908266748617087
0.25,0.5,Cars,EuroSAT,GTSRB,RESISC45,SVHN,0.5524188533764457,0.40638297872340423,0.2762962962962963,0.2977038796516231,0.483968253968254,0.6150125944584383,0.1151659496004917
0.5,0.5,Cars,EuroSAT,GTSRB,RESISC45,SVHN,0.5634871284666086,0.41436170212765955,0.36333333333333334,0.32446555819477435,0.5131746031746032,0.6184886649874055,0.15807467732022126
0.75,0.5,Cars,EuroSAT,GTSRB,RESISC45,SVHN,0.5750528541226215,0.42127659574468085,0.4514814814814815,0.34829770387965164,0.5455555555555556,0.6192443324937028,0.23282882606023356
1.0,0.5,Cars,EuroSAT,GTSRB,RESISC45,SVHN,0.5837582390249969,0.4228723404255319,0.5111111111111111,0.37094220110847187,0.5715873015873015,0.6219647355163728,0.3482636754763368
0.0,0.75,Cars,EuroSAT,GTSRB,RESISC45,SVHN,0.5365004352692451,0.400531914893617,0.21851851851851853,0.26357878068091845,0.4479365079365079,0.6108816120906801,0.08908266748617087
0.25,0.75,Cars,EuroSAT,GTSRB,RESISC45,SVHN,0.5522944907349832,0.40638297872340423,0.2759259259259259,0.29762470308788597,0.483968253968254,0.6151133501259446,0.11512753534111862
0.5,0.75,Cars,EuroSAT,GTSRB,RESISC45,SVHN,0.5634871284666086,0.41436170212765955,0.3625925925925926,0.3243863816310372,0.5131746031746032,0.6185390428211587,0.15776736324523663
0.75,0.75,Cars,EuroSAT,GTSRB,RESISC45,SVHN,0.5748041288396966,0.4223404255319149,0.45111111111111113,0.34813935075217733,0.5453968253968254,0.6188916876574307,0.23148432698217578
1.0,0.75,Cars,EuroSAT,GTSRB,RESISC45,SVHN,0.5836338763835344,0.4228723404255319,0.5103703703703704,0.3707046714172605,0.5714285714285714,0.621712846347607,0.34611247695144437
0.0,1.0,Cars,EuroSAT,GTSRB,RESISC45,SVHN,0.5365004352692451,0.400531914893617,0.21851851851851853,0.26357878068091845,0.4479365079365079,0.6108816120906801,0.08908266748617087
0.25,1.0,Cars,EuroSAT,GTSRB,RESISC45,SVHN,0.5515483148862081,0.40638297872340423,0.2751851851851852,0.29762470308788597,0.48365079365079366,0.6151637279596978,0.11501229256299939
0.5,1.0,Cars,EuroSAT,GTSRB,RESISC45,SVHN,0.5636114911080712,0.41436170212765955,0.3622222222222222,0.32422802850356297,0.513015873015873,0.618639798488665,0.15753687768899816
0.75,1.0,Cars,EuroSAT,GTSRB,RESISC45,SVHN,0.5745554035567716,0.4223404255319149,0.45,0.3477434679334917,0.5453968253968254,0.6191939546599496,0.23021665642286418
1.0,1.0,Cars,EuroSAT,GTSRB,RESISC45,SVHN,0.5836338763835344,0.42340425531914894,0.5096296296296297,0.370387965162312,0.570952380952381,0.6219143576826196,0.34411493546404426
0.0,0.25,Cars,EuroSAT,GTSRB,SUN397,SVHN,0.5365004352692451,0.400531914893617,0.21851851851851853,0.26357878068091845,0.4479365079365079,0.6108816120906801,0.08908266748617087
0.25,0.25,Cars,EuroSAT,GTSRB,SUN397,SVHN,0.5546573809227708,0.40691489361702127,0.29518518518518516,0.3098970704671417,0.47063492063492063,0.6185390428211587,0.12357867240319606
0.5,0.25,Cars,EuroSAT,GTSRB,SUN397,SVHN,0.5679641835592588,0.41436170212765955,0.4192592592592593,0.3439429928741093,0.4880952380952381,0.6245843828715365,0.19180239704978488
0.75,0.25,Cars,EuroSAT,GTSRB,SUN397,SVHN,0.5800273597811217,0.41914893617021276,0.49407407407407405,0.3726049089469517,0.49777777777777776,0.6293198992443325,0.31818531038721576
1.0,0.25,Cars,EuroSAT,GTSRB,SUN397,SVHN,0.5871160303444846,0.41702127659574467,0.544074074074074,0.39889152810768014,0.5053968253968254,0.6329471032745592,0.4921634910878918
0.0,0.5,Cars,EuroSAT,GTSRB,SUN397,SVHN,0.5365004352692451,0.400531914893617,0.21851851851851853,0.26357878068091845,0.4479365079365079,0.6108816120906801,0.08908266748617087
0.25,0.5,Cars,EuroSAT,GTSRB,SUN397,SVHN,0.5535381171496082,0.4053191489361702,0.27666666666666667,0.3000791765637371,0.4668253968253968,0.6170277078085642,0.11505070682237246
0.5,0.5,Cars,EuroSAT,GTSRB,SUN397,SVHN,0.5654769307300087,0.4095744680851064,0.3748148148148148,0.3288202692003167,0.48412698412698413,0.6232745591939547,0.15749846342962506
0.75,0.5,Cars,EuroSAT,GTSRB,SUN397,SVHN,0.5802760850640467,0.41914893617021276,0.4514814814814815,0.3536025336500396,0.49523809523809526,0.6276070528967255,0.2305239704978488
1.0,0.5,Cars,EuroSAT,GTSRB,SUN397,SVHN,0.5893545578908096,0.42446808510638295,0.4988888888888889,0.3749010292953286,0.5046031746031746,0.6322921914357683,0.34077289489858636
0.0,0.75,Cars,EuroSAT,GTSRB,SUN397,SVHN,0.5365004352692451,0.400531914893617,0.21851851851851853,0.26357878068091845,0.4479365079365079,0.6108816120906801,0.08908266748617087
0.25,0.75,Cars,EuroSAT,GTSRB,SUN397,SVHN,0.5534137545081458,0.4053191489361702,0.2762962962962963,0.29984164687252574,0.46730158730158733,0.6170277078085642,0.11501229256299939
0.5,0.75,Cars,EuroSAT,GTSRB,SUN397,SVHN,0.5656012933714712,0.4095744680851064,0.37296296296296294,0.3281076801266825,0.4838095238095238,0.6235264483627204,0.15703749231714811
0.75,0.75,Cars,EuroSAT,GTSRB,SUN397,SVHN,0.5801517224225843,0.41914893617021276,0.44962962962962966,0.35320665083135394,0.4953968253968254,0.6276070528967255,0.22929471419791025
1.0,0.75,Cars,EuroSAT,GTSRB,SUN397,SVHN,0.5886083820420346,0.42446808510638295,0.4981481481481482,0.37434679334916865,0.5049206349206349,0.632191435768262,0.33862169637369394
0.0,1.0,Cars,EuroSAT,GTSRB,SUN397,SVHN,0.5365004352692451,0.400531914893617,0.21851851851851853,0.26357878068091845,0.4479365079365079,0.6108816120906801,0.08908266748617087
0.25,1.0,Cars,EuroSAT,GTSRB,SUN397,SVHN,0.5534137545081458,0.4053191489361702,0.2762962962962963,0.2996832937450515,0.466984126984127,0.616977329974811,0.11485863552550707
0.5,1.0,Cars,EuroSAT,GTSRB,SUN397,SVHN,0.5656012933714712,0.4101063829787234,0.37222222222222223,0.3280285035629454,0.48333333333333334,0.6234256926952141,0.15665334972341732
0.75,1.0,Cars,EuroSAT,GTSRB,SUN397,SVHN,0.5797786344981968,0.41914893617021276,0.4488888888888889,0.35257323832145687,0.4953968253968254,0.6276574307304786,0.2282959434542102
1.0,1.0,Cars,EuroSAT,GTSRB,SUN397,SVHN,0.5888571073249595,0.425,0.49703703703703705,0.3741884402216944,0.5044444444444445,0.632191435768262,0.33654732636754764
0.0,0.25,Cars,EuroSAT,RESISC45,SUN397,SVHN,0.5365004352692451,0.400531914893617,0.21851851851851853,0.26357878068091845,0.4479365079365079,0.6108816120906801,0.08908266748617087
0.25,0.25,Cars,EuroSAT,RESISC45,SUN397,SVHN,0.5544086556398458,0.4095744680851064,0.3022222222222222,0.2753760886777514,0.4907936507936508,0.6192947103274559,0.1185079901659496
0.5,0.25,Cars,EuroSAT,RESISC45,SUN397,SVHN,0.5709488869543589,0.4175531914893617,0.43296296296296294,0.2823436262866192,0.5287301587301587,0.627808564231738,0.1767440073755378
0.75,0.25,Cars,EuroSAT,RESISC45,SUN397,SVHN,0.586494217137172,0.42127659574468085,0.5133333333333333,0.2879651623119557,0.5634920634920635,0.6311335012594459,0.3002458512599877
1.0,0.25,Cars,EuroSAT,RESISC45,SUN397,SVHN,0.5951996020395474,0.425,0.575925925925926,0.29081551860649246,0.589047619047619,0.6334005037783376,0.4930086047940996
0.0,0.5,Cars,EuroSAT,RESISC45,SUN397,SVHN,0.5365004352692451,0.400531914893617,0.21851851851851853,0.26357878068091845,0.4479365079365079,0.6108816120906801,0.08908266748617087
0.25,0.5,Cars,EuroSAT,RESISC45,SUN397,SVHN,0.5530406665837583,0.40425531914893614,0.2851851851851852,0.273950910530483,0.48428571428571426,0.6181360201511334,0.11074830977258758
0.5,0.5,Cars,EuroSAT,RESISC45,SUN397,SVHN,0.5663474692202463,0.4154255319148936,0.39037037037037037,0.27830562153602534,0.5163492063492063,0.6262972292191435,0.14601259987707438
0.75,0.5,Cars,EuroSAT,RESISC45,SUN397,SVHN,0.5801517224225843,0.4186170212765957,0.4662962962962963,0.28353127474267614,0.5425396825396825,0.6305793450881612,0.20582360172095882
1.0,0.5,Cars,EuroSAT,RESISC45,SUN397,SVHN,0.5924636239273722,0.4207446808510638,0.5237037037037037,0.2876484560570071,0.5673015873015873,0.6332997481108312,0.3082744314689613
0.0,0.75,Cars,EuroSAT,RESISC45,SUN397,SVHN,0.5365004352692451,0.400531914893617,0.21851851851851853,0.26357878068091845,0.4479365079365079,0.6108816120906801,0.08908266748617087
0.25,0.75,Cars,EuroSAT,RESISC45,SUN397,SVHN,0.5527919413008332,0.40372340425531916,0.2848148148148148,0.2737133808392716,0.48412698412698413,0.6179345088161209,0.11067148125384142
0.5,0.75,Cars,EuroSAT,RESISC45,SUN397,SVHN,0.5660987439373212,0.41595744680851066,0.3874074074074074,0.27830562153602534,0.5165079365079365,0.6262972292191435,0.14570528580208975
0.75,0.75,Cars,EuroSAT,RESISC45,SUN397,SVHN,0.5801517224225843,0.4186170212765957,0.46555555555555556,0.283452098178939,0.5423809523809524,0.6307808564231738,0.20486324523663182
1.0,0.75,Cars,EuroSAT,RESISC45,SUN397,SVHN,0.5924636239273722,0.4218085106382979,0.5233333333333333,0.28741092636579574,0.5673015873015873,0.6330982367758187,0.30554701905347265
0.0,1.0,Cars,EuroSAT,RESISC45,SUN397,SVHN,0.5365004352692451,0.400531914893617,0.21851851851851853,0.26357878068091845,0.4479365079365079,0.6108816120906801,0.08908266748617087
0.25,1.0,Cars,EuroSAT,RESISC45,SUN397,SVHN,0.5525432160179082,0.40372340425531916,0.2848148148148148,0.2737133808392716,0.483968253968254,0.617984886649874,0.1105178242163491
0.5,1.0,Cars,EuroSAT,RESISC45,SUN397,SVHN,0.5659743812958588,0.4154255319148936,0.387037037037037,0.27759303246239114,0.5161904761904762,0.6263476070528967,0.1452059004302397
0.75,1.0,Cars,EuroSAT,RESISC45,SUN397,SVHN,0.5806491729884343,0.4186170212765957,0.4648148148148148,0.28329374505146476,0.5423809523809524,0.6306297229219143,0.20359557467732023
1.0,1.0,Cars,EuroSAT,RESISC45,SUN397,SVHN,0.5918418107200597,0.4223404255319149,0.5211111111111111,0.2870942201108472,0.5665079365079365,0.6330982367758187,0.30320374923171484
0.0,0.25,Cars,GTSRB,RESISC45,SUN397,SVHN,0.5365004352692451,0.400531914893617,0.21851851851851853,0.26357878068091845,0.4479365079365079,0.6108816120906801,0.08908266748617087
0.25,0.25,Cars,GTSRB,RESISC45,SUN397,SVHN,0.5545330182813083,0.40638297872340423,0.22740740740740742,0.3042755344418052,0.4946031746031746,0.6192947103274559,0.1250384142593731
0.5,0.25,Cars,GTSRB,RESISC45,SUN397,SVHN,0.5695808978982714,0.4154255319148936,0.2411111111111111,0.33847980997624705,0.5346031746031746,0.6280604534005038,0.19875537799631224
0.75,0.25,Cars,GTSRB,RESISC45,SUN397,SVHN,0.5780375575177217,0.4223404255319149,0.25407407407407406,0.3688044338875693,0.5698412698412698,0.6320906801007556,0.3333973570989551
1.0,0.25,Cars,GTSRB,RESISC45,SUN397,SVHN,0.587240392985947,0.41914893617021276,0.26814814814814814,0.39889152810768014,0.6031746031746031,0.6339546599496222,0.5318070067609096
0.0,0.5,Cars,GTSRB,RESISC45,SUN397,SVHN,0.5365004352692451,0.400531914893617,0.21851851851851853,0.26357878068091845,0.4479365079365079,0.6108816120906801,0.08908266748617087
0.25,0.5,Cars,GTSRB,RESISC45,SUN397,SVHN,0.5535381171496082,0.40638297872340423,0.22518518518518518,0.2962787015043547,0.4853968253968254,0.6170277078085642,0.11631837738168409
0.5,0.5,Cars,GTSRB,RESISC45,SUN397,SVHN,0.5664718318617088,0.4148936170212766,0.23333333333333334,0.3234362628661916,0.5192063492063492,0.6251385390428211,0.16145513214505225
0.75,0.5,Cars,GTSRB,RESISC45,SUN397,SVHN,0.5784106454421092,0.4207446808510638,0.24814814814814815,0.34671417260490894,0.5533333333333333,0.6296725440806046,0.23878303626306085
1.0,0.5,Cars,GTSRB,RESISC45,SUN397,SVHN,0.588484019400572,0.4228723404255319,0.2581481481481481,0.3681710213776722,0.5806349206349206,0.6329974811083123,0.3599416103257529
0.0,0.75,Cars,GTSRB,RESISC45,SUN397,SVHN,0.5365004352692451,0.400531914893617,0.21851851851851853,0.26357878068091845,0.4479365079365079,0.6108816120906801,0.08908266748617087
0.25,0.75,Cars,GTSRB,RESISC45,SUN397,SVHN,0.5535381171496082,0.40691489361702127,0.22518518518518518,0.2962787015043547,0.48523809523809525,0.616926952141058,0.11620313460356484
0.5,0.75,Cars,GTSRB,RESISC45,SUN397,SVHN,0.5668449197860963,0.4154255319148936,0.2337037037037037,0.32335708630245447,0.5188888888888888,0.6248866498740554,0.16103257529194837
0.75,0.75,Cars,GTSRB,RESISC45,SUN397,SVHN,0.5784106454421092,0.4207446808510638,0.24666666666666667,0.34647664291369756,0.5531746031746032,0.6297229219143576,0.23709280885064535
1.0,0.75,Cars,GTSRB,RESISC45,SUN397,SVHN,0.5889814699664221,0.42340425531914894,0.25851851851851854,0.3681710213776722,0.5807936507936508,0.6329471032745592,0.35694529809465275
0.0,1.0,Cars,GTSRB,RESISC45,SUN397,SVHN,0.5365004352692451,0.400531914893617,0.21851851851851853,0.26357878068091845,0.4479365079365079,0.6108816120906801,0.08908266748617087
0.25,1.0,Cars,GTSRB,RESISC45,SUN397,SVHN,0.5539112050739958,0.40691489361702127,0.22481481481481483,0.2959619952494062,0.48523809523809525,0.616926952141058,0.11612630608481868
0.5,1.0,Cars,GTSRB,RESISC45,SUN397,SVHN,0.5669692824275587,0.4154255319148936,0.23333333333333334,0.32327790973871734,0.5184126984126984,0.6250377833753149,0.16049477566072526
0.75,1.0,Cars,GTSRB,RESISC45,SUN397,SVHN,0.5779131948762591,0.4207446808510638,0.2462962962962963,0.3459224069675376,0.5528571428571428,0.6297229219143576,0.23555623847572218
1.0,1.0,Cars,GTSRB,RESISC45,SUN397,SVHN,0.5883596567591096,0.423936170212766,0.2581481481481481,0.3677751385589865,0.5806349206349206,0.632896725440806,0.3541026429010449
0.0,0.25,DTD,EuroSAT,GTSRB,RESISC45,SUN397,0.5365004352692451,0.400531914893617,0.21851851851851853,0.26357878068091845,0.4479365079365079,0.6108816120906801,0.08908266748617087
0.25,0.25,DTD,EuroSAT,GTSRB,RESISC45,SUN397,0.5442109190399204,0.4223404255319149,0.29185185185185186,0.30522565320665085,0.4946031746031746,0.6189924433249371,0.0996081745543946
0.5,0.25,DTD,EuroSAT,GTSRB,RESISC45,SUN397,0.5506777763959706,0.43617021276595747,0.4088888888888889,0.3341250989707047,0.5277777777777778,0.6278589420654912,0.11140135218192994
0.75,0.25,DTD,EuroSAT,GTSRB,RESISC45,SUN397,0.5542842929983833,0.45053191489361705,0.49148148148148146,0.35985748218527314,0.5601587301587302,0.6306297229219143,0.12400122925629994
1.0,0.25,DTD,EuroSAT,GTSRB,RESISC45,SUN397,0.5556522820544708,0.45904255319148934,0.5544444444444444,0.38495645288994457,0.5842857142857143,0.6334005037783376,0.1352181929932391
0.0,0.5,DTD,EuroSAT,GTSRB,RESISC45,SUN397,0.5365004352692451,0.400531914893617,0.21851851851851853,0.26357878068091845,0.4479365079365079,0.6108816120906801,0.08908266748617087
0.25,0.5,DTD,EuroSAT,GTSRB,RESISC45,SUN397,0.5438378311155329,0.41648936170212764,0.2774074074074074,0.29643705463182896,0.4853968253968254,0.6186901763224182,0.09757221880762139
0.5,0.5,DTD,EuroSAT,GTSRB,RESISC45,SUN397,0.5495585126228081,0.4319148936170213,0.35814814814814816,0.32098178939034044,0.5165079365079365,0.625088161209068,0.10706054087277198
0.75,0.5,DTD,EuroSAT,GTSRB,RESISC45,SUN397,0.5529163039422957,0.44680851063829785,0.44185185185185183,0.3410134600158353,0.5446031746031746,0.6290176322418136,0.11781653349723417
1.0,0.5,DTD,EuroSAT,GTSRB,RESISC45,SUN397,0.5550304688471583,0.45691489361702126,0.5018518518518519,0.36001583531274745,0.5653968253968253,0.6316372795969774,0.12895666871542716
0.0,0.75,DTD,EuroSAT,GTSRB,RESISC45,SUN397,0.5365004352692451,0.400531914893617,0.21851851851851853,0.26357878068091845,0.4479365079365079,0.6108816120906801,0.08908266748617087
0.25,0.75,DTD,EuroSAT,GTSRB,RESISC45,SUN397,0.5439621937569954,0.41648936170212764,0.27666666666666667,0.2960411718131433,0.4855555555555556,0.6188413098236776,0.09753380454824831
0.5,0.75,DTD,EuroSAT,GTSRB,RESISC45,SUN397,0.5493097873398831,0.4319148936170213,0.35814814814814816,0.32066508313539194,0.5163492063492063,0.6252392947103275,0.1068300553165335
0.75,0.75,DTD,EuroSAT,GTSRB,RESISC45,SUN397,0.5531650292252207,0.44680851063829785,0.44074074074074077,0.34085510688836107,0.5446031746031746,0.62911838790932,0.11785494775660725
1.0,0.75,DTD,EuroSAT,GTSRB,RESISC45,SUN397,0.5552791941300833,0.45691489361702126,0.5007407407407407,0.3594615993665875,0.5653968253968253,0.6317884130982367,0.12880301167793484
0.0,1.0,DTD,EuroSAT,GTSRB,RESISC45,SUN397,0.5365004352692451,0.400531914893617,0.21851851851851853,0.26357878068091845,0.4479365079365079,0.6108816120906801,0.08908266748617087
0.25,1.0,DTD,EuroSAT,GTSRB,RESISC45,SUN397,0.5438378311155329,0.41648936170212764,0.2759259259259259,0.2961995249406176,0.4853968253968254,0.618639798488665,0.09753380454824831
0.5,1.0,DTD,EuroSAT,GTSRB,RESISC45,SUN397,0.549061062056958,0.43138297872340425,0.3548148148148148,0.31995249406175774,0.5158730158730159,0.6251889168765743,0.10679164105716042
0.75,1.0,DTD,EuroSAT,GTSRB,RESISC45,SUN397,0.5527919413008332,0.44680851063829785,0.44,0.34133016627078383,0.5441269841269841,0.6290680100755668,0.11750921942224954
1.0,1.0,DTD,EuroSAT,GTSRB,RESISC45,SUN397,0.5552791941300833,0.45691489361702126,0.49925925925925924,0.3594615993665875,0.5652380952380952,0.631536523929471,0.1285341118623233
0.0,0.25,DTD,EuroSAT,GTSRB,RESISC45,SVHN,0.5365004352692451,0.400531914893617,0.21851851851851853,0.26357878068091845,0.4479365079365079,0.6108816120906801,0.08908266748617087
0.25,0.25,DTD,EuroSAT,GTSRB,RESISC45,SVHN,0.5442109190399204,0.4207446808510638,0.2911111111111111,0.306492478226445,0.4907936507936508,0.6163224181360202,0.1235018438844499
0.5,0.25,DTD,EuroSAT,GTSRB,RESISC45,SVHN,0.5496828752642706,0.43351063829787234,0.40444444444444444,0.33737133808392716,0.5263492063492063,0.6201511335012595,0.1906499692685925
0.75,0.25,DTD,EuroSAT,GTSRB,RESISC45,SVHN,0.5519214028105957,0.4542553191489362,0.4892592592592593,0.36120348376880446,0.5550793650793651,0.6214609571788413,0.31319145666871545
1.0,0.25,DTD,EuroSAT,GTSRB,RESISC45,SVHN,0.5532893918666832,0.46702127659574466,0.5351851851851852,0.38566904196357876,0.5798412698412698,0.6202015113350126,0.485479409956976
0.0,0.5,DTD,EuroSAT,GTSRB,RESISC45,SVHN,0.5365004352692451,0.400531914893617,0.21851851851851853,0.26357878068091845,0.4479365079365079,0.6108816120906801,0.08908266748617087
0.25,0.5,DTD,EuroSAT,GTSRB,RESISC45,SVHN,0.5437134684740704,0.41595744680851066,0.2777777777777778,0.2990498812351544,0.4831746031746032,0.6152141057934509,0.11501229256299939
0.5,0.5,DTD,EuroSAT,GTSRB,RESISC45,SVHN,0.546573809227708,0.42925531914893617,0.352962962962963,0.32422802850356297,0.5126984126984127,0.6186901763224182,0.15669176398279042
0.75,0.5,DTD,EuroSAT,GTSRB,RESISC45,SVHN,0.5493097873398831,0.44148936170212766,0.4474074074074074,0.3468725257323832,0.5425396825396825,0.6204030226700252,0.23209895513214504
1.0,0.5,DTD,EuroSAT,GTSRB,RESISC45,SVHN,0.5506777763959706,0.4542553191489362,0.5022222222222222,0.3653206650831354,0.5661904761904762,0.6198992443324937,0.34953134603564845
0.0,0.75,DTD,EuroSAT,GTSRB,RESISC45,SVHN,0.5365004352692451,0.400531914893617,0.21851851851851853,0.26357878068091845,0.4479365079365079,0.6108816120906801,0.08908266748617087
0.25,0.75,DTD,EuroSAT,GTSRB,RESISC45,SVHN,0.5435891058326079,0.41595744680851066,0.27814814814814814,0.29912905779889154,0.4831746031746032,0.615264483627204,0.11482022126613399
0.5,0.75,DTD,EuroSAT,GTSRB,RESISC45,SVHN,0.5464494465862455,0.42925531914893617,0.35185185185185186,0.3239113222486144,0.5123809523809524,0.6187405541561712,0.156499692685925
0.75,0.75,DTD,EuroSAT,GTSRB,RESISC45,SVHN,0.549061062056958,0.4420212765957447,0.44666666666666666,0.346159936658749,0.5423809523809524,0.6203526448362721,0.23113859864781808
1.0,0.75,DTD,EuroSAT,GTSRB,RESISC45,SVHN,0.5509265016788957,0.4542553191489362,0.5022222222222222,0.3655581947743468,0.5666666666666667,0.6198488664987406,0.34730331899200984
0.0,1.0,DTD,EuroSAT,GTSRB,RESISC45,SVHN,0.5365004352692451,0.400531914893617,0.21851851851851853,0.26357878068091845,0.4479365079365079,0.6108816120906801,0.08908266748617087
0.25,1.0,DTD,EuroSAT,GTSRB,RESISC45,SVHN,0.5435891058326079,0.41595744680851066,0.27814814814814814,0.2988915281076801,0.4831746031746032,0.6150125944584383,0.11470497848801475
0.5,1.0,DTD,EuroSAT,GTSRB,RESISC45,SVHN,0.546573809227708,0.42925531914893617,0.3503703703703704,0.32406967537608866,0.5123809523809524,0.6186901763224182,0.15630762138905963
0.75,1.0,DTD,EuroSAT,GTSRB,RESISC45,SVHN,0.5491854246984206,0.4420212765957447,0.44592592592592595,0.34600158353127475,0.542063492063492,0.6202518891687657,0.23006299938537186
1.0,1.0,DTD,EuroSAT,GTSRB,RESISC45,SVHN,0.5505534137545082,0.4542553191489362,0.5014814814814815,0.36524148851939825,0.5668253968253968,0.6200503778337532,0.34618930547019056
0.0,0.25,DTD,EuroSAT,GTSRB,SUN397,SVHN,0.5365004352692451,0.400531914893617,0.21851851851851853,0.26357878068091845,0.4479365079365079,0.6108816120906801,0.08908266748617087
0.25,0.25,DTD,EuroSAT,GTSRB,SUN397,SVHN,0.5434647431911453,0.4186170212765957,0.29259259259259257,0.30815518606492476,0.4707936507936508,0.618287153652393,0.12338660110633067
0.5,0.25,DTD,EuroSAT,GTSRB,SUN397,SVHN,0.5478174356423331,0.4329787234042553,0.41259259259259257,0.3405384006334125,0.4895238095238095,0.6231234256926952,0.19003534111862325
0.75,0.25,DTD,EuroSAT,GTSRB,SUN397,SVHN,0.5541599303569208,0.4478723404255319,0.48592592592592593,0.3627870150435471,0.4965079365079365,0.6287657430730479,0.3130762138905962
1.0,0.25,DTD,EuroSAT,GTSRB,SUN397,SVHN,0.5567715458276333,0.45904255319148934,0.5303703703703704,0.38582739509105307,0.5074603174603175,0.6305289672544081,0.4805623847572219
0.0,0.5,DTD,EuroSAT,GTSRB,SUN397,SVHN,0.5365004352692451,0.400531914893617,0.21851851851851853,0.26357878068091845,0.4479365079365079,0.6108816120906801,0.08908266748617087
0.25,0.5,DTD,EuroSAT,GTSRB,SUN397,SVHN,0.5435891058326079,0.41436170212765955,0.2774074074074074,0.2997624703087886,0.4680952380952381,0.6172795969773299,0.11512753534111862
0.5,0.5,DTD,EuroSAT,GTSRB,SUN397,SVHN,0.5476930730008706,0.42925531914893617,0.3611111111111111,0.3261282660332542,0.4857142857142857,0.6222670025188917,0.1570759065765212
0.75,0.5,DTD,EuroSAT,GTSRB,SUN397,SVHN,0.5516726775276707,0.43936170212765957,0.43777777777777777,0.34829770387965164,0.49666666666666665,0.6256926952141058,0.2307544560540873
1.0,0.5,DTD,EuroSAT,GTSRB,SUN397,SVHN,0.5541599303569208,0.4531914893617021,0.4892592592592593,0.3657957244655582,0.5047619047619047,0.6294206549118387,0.34269360786724035
0.0,0.75,DTD,EuroSAT,GTSRB,SUN397,SVHN,0.5365004352692451,0.400531914893617,0.21851851851851853,0.26357878068091845,0.4479365079365079,0.6108816120906801,0.08908266748617087
0.25,0.75,DTD,EuroSAT,GTSRB,SUN397,SVHN,0.5438378311155329,0.41436170212765955,0.277037037037037,0.29960411718131436,0.4680952380952381,0.6172795969773299,0.1149738783036263
0.5,0.75,DTD,EuroSAT,GTSRB,SUN397,SVHN,0.547568710359408,0.4297872340425532,0.3603703703703704,0.3261282660332542,0.4855555555555556,0.6223173803526448,0.15665334972341732
0.75,0.75,DTD,EuroSAT,GTSRB,SUN397,SVHN,0.5517970401691332,0.43936170212765957,0.4374074074074074,0.34813935075217733,0.496984126984127,0.6256926952141058,0.2297556853103872
1.0,0.75,DTD,EuroSAT,GTSRB,SUN397,SVHN,0.5545330182813083,0.45372340425531915,0.4892592592592593,0.36571654790182107,0.5047619047619047,0.6294206549118387,0.34038875230485555
0.0,1.0,DTD,EuroSAT,GTSRB,SUN397,SVHN,0.5365004352692451,0.400531914893617,0.21851851851851853,0.26357878068091845,0.4479365079365079,0.6108816120906801,0.08908266748617087
0.25,1.0,DTD,EuroSAT,GTSRB,SUN397,SVHN,0.5437134684740704,0.41436170212765955,0.2762962962962963,0.2997624703087886,0.46793650793650793,0.6174811083123426,0.11478180700676091
0.5,1.0,DTD,EuroSAT,GTSRB,SUN397,SVHN,0.5474443477179455,0.4297872340425532,0.35962962962962963,0.32596991290577987,0.4855555555555556,0.6223173803526448,0.1561539643515673
0.75,1.0,DTD,EuroSAT,GTSRB,SUN397,SVHN,0.5519214028105957,0.43936170212765957,0.4374074074074074,0.34790182106096595,0.4973015873015873,0.6257934508816121,0.2288337430854333
1.0,1.0,DTD,EuroSAT,GTSRB,SUN397,SVHN,0.5547817435642333,0.4526595744680851,0.48814814814814816,0.36563737133808394,0.5049206349206349,0.6295214105793451,0.33873693915181313
0.0,0.25,DTD,EuroSAT,RESISC45,SUN397,SVHN,0.5365004352692451,0.400531914893617,0.21851851851851853,0.26357878068091845,0.4479365079365079,0.6108816120906801,0.08908266748617087
0.25,0.25,DTD,EuroSAT,RESISC45,SUN397,SVHN,0.5428429299838329,0.4196808510638298,0.2985185185185185,0.2766429136975455,0.49206349206349204,0.6193954659949622,0.12039028887523048
0.5,0.25,DTD,EuroSAT,RESISC45,SUN397,SVHN,0.546076358661858,0.43457446808510636,0.4192592592592593,0.2827395091053048,0.5292063492063492,0.6257934508816121,0.18031653349723417
0.75,0.25,DTD,EuroSAT,RESISC45,SUN397,SVHN,0.5505534137545082,0.44840425531914896,0.49925925925925924,0.289944576405384,0.5619047619047619,0.6303274559193954,0.3000921942224954
1.0,0.25,DTD,EuroSAT,RESISC45,SUN397,SVHN,0.5510508643203582,0.4574468085106383,0.5507407407407408,0.2932699920823436,0.5847619047619048,0.6323929471032745,0.49112630608481866
0.0,0.5,DTD,EuroSAT,RESISC45,SUN397,SVHN,0.5365004352692451,0.400531914893617,0.21851851851851853,0.26357878068091845,0.4479365079365079,0.6108816120906801,0.08908266748617087
0.25,0.5,DTD,EuroSAT,RESISC45,SUN397,SVHN,0.5417236662106704,0.41595744680851066,0.2814814814814815,0.2761678543151227,0.4853968253968254,0.6177833753148615,0.11216963736939152
0.5,0.5,DTD,EuroSAT,RESISC45,SUN397,SVHN,0.5474443477179455,0.42819148936170215,0.36666666666666664,0.27949326999208235,0.5177777777777778,0.6237783375314861,0.14843269821757837
0.75,0.5,DTD,EuroSAT,RESISC45,SUN397,SVHN,0.5508021390374331,0.4441489361702128,0.4474074074074074,0.2845605700712589,0.546984126984127,0.629168765743073,0.2101259987707437
1.0,0.5,DTD,EuroSAT,RESISC45,SUN397,SVHN,0.5520457654520582,0.449468085106383,0.5014814814814815,0.28844022169437844,0.5725396825396826,0.6320403022670025,0.3162645974185618
0.0,0.75,DTD,EuroSAT,RESISC45,SUN397,SVHN,0.5365004352692451,0.400531914893617,0.21851851851851853,0.26357878068091845,0.4479365079365079,0.6108816120906801,0.08908266748617087
0.25,0.75,DTD,EuroSAT,RESISC45,SUN397,SVHN,0.5417236662106704,0.41595744680851066,0.2814814814814815,0.2758511480601742,0.48507936507936505,0.6175818639798488,0.11205439459127228
0.5,0.75,DTD,EuroSAT,RESISC45,SUN397,SVHN,0.5474443477179455,0.42819148936170215,0.36592592592592593,0.27973079968329373,0.5177777777777778,0.6238287153652393,0.14777965580823602
0.75,0.75,DTD,EuroSAT,RESISC45,SUN397,SVHN,0.5510508643203582,0.4441489361702128,0.4474074074074074,0.2844813935075218,0.5463492063492064,0.629168765743073,0.20912722802704364
1.0,0.75,DTD,EuroSAT,RESISC45,SUN397,SVHN,0.5522944907349832,0.449468085106383,0.5014814814814815,0.28820269200316706,0.5715873015873015,0.6320906801007556,0.31338352796558083
0.0,1.0,DTD,EuroSAT,RESISC45,SUN397,SVHN,0.5365004352692451,0.400531914893617,0.21851851851851853,0.26357878068091845,0.4479365079365079,0.6108816120906801,0.08908266748617087
0.25,1.0,DTD,EuroSAT,RESISC45,SUN397,SVHN,0.5417236662106704,0.41595744680851066,0.2811111111111111,0.2759303246239113,0.4849206349206349,0.6175818639798488,0.11190073755377997
0.5,1.0,DTD,EuroSAT,RESISC45,SUN397,SVHN,0.5474443477179455,0.42872340425531913,0.36592592592592593,0.2795724465558195,0.5177777777777778,0.6238287153652393,0.14754917025199754
0.75,1.0,DTD,EuroSAT,RESISC45,SUN397,SVHN,0.5508021390374331,0.4441489361702128,0.447037037037037,0.2844813935075218,0.5461904761904762,0.6290680100755668,0.20820528580208975
1.0,1.0,DTD,EuroSAT,RESISC45,SUN397,SVHN,0.5517970401691332,0.45,0.5011111111111111,0.28820269200316706,0.572063492063492,0.6322418136020151,0.31073294406883833
0.0,0.25,DTD,GTSRB,RESISC45,SUN397,SVHN,0.5365004352692451,0.400531914893617,0.21851851851851853,0.26357878068091845,0.4479365079365079,0.6108816120906801,0.08908266748617087
0.25,0.25,DTD,GTSRB,RESISC45,SUN397,SVHN,0.5443352816813829,0.41914893617021276,0.22777777777777777,0.3045922406967538,0.49444444444444446,0.6200503778337532,0.12434695759065766
0.5,0.25,DTD,GTSRB,RESISC45,SUN397,SVHN,0.549061062056958,0.43617021276595747,0.2388888888888889,0.33657957244655584,0.5304761904761904,0.6267002518891688,0.19483712354025814
0.75,0.25,DTD,GTSRB,RESISC45,SUN397,SVHN,0.5509265016788957,0.44893617021276594,0.25222222222222224,0.3667458432304038,0.566984126984127,0.6316876574307305,0.3228334357713583
1.0,0.25,DTD,GTSRB,RESISC45,SUN397,SVHN,0.5530406665837583,0.4595744680851064,0.2674074074074074,0.3920031670625495,0.6007936507936508,0.631183879093199,0.5158650891210818
0.0,0.5,DTD,GTSRB,RESISC45,SUN397,SVHN,0.5365004352692451,0.400531914893617,0.21851851851851853,0.26357878068091845,0.4479365079365079,0.6108816120906801,0.08908266748617087
0.25,0.5,DTD,GTSRB,RESISC45,SUN397,SVHN,0.5443352816813829,0.41382978723404257,0.22518518518518518,0.29588281868566907,0.4866666666666667,0.6184382871536523,0.1160878918254456
0.5,0.5,DTD,GTSRB,RESISC45,SUN397,SVHN,0.546325083944783,0.43138297872340425,0.2325925925925926,0.3231987331749802,0.5187301587301587,0.6249370277078086,0.15976490473263674
0.75,0.5,DTD,GTSRB,RESISC45,SUN397,SVHN,0.5500559631886581,0.4430851063829787,0.24592592592592594,0.3487727632620744,0.5493650793650794,0.6286649874055416,0.23490319606637983
1.0,0.5,DTD,GTSRB,RESISC45,SUN397,SVHN,0.5493097873398831,0.4526595744680851,0.25296296296296295,0.37102137767220905,0.5765079365079365,0.6312342569269521,0.3564459127228027
0.0,0.75,DTD,GTSRB,RESISC45,SUN397,SVHN,0.5365004352692451,0.400531914893617,0.21851851851851853,0.26357878068091845,0.4479365079365079,0.6108816120906801,0.08908266748617087
0.25,0.75,DTD,GTSRB,RESISC45,SUN397,SVHN,0.5439621937569954,0.41436170212765955,0.22481481481481483,0.2959619952494062,0.48682539682539683,0.618287153652393,0.11597264904732636
0.5,0.75,DTD,GTSRB,RESISC45,SUN397,SVHN,0.546076358661858,0.4308510638297872,0.2325925925925926,0.32367379255740303,0.5184126984126984,0.6249370277078086,0.15907344806392132
0.75,0.75,DTD,GTSRB,RESISC45,SUN397,SVHN,0.5503046884715831,0.4425531914893617,0.24481481481481482,0.34829770387965164,0.549047619047619,0.6285138539042822,0.23344345421020282
1.0,0.75,DTD,GTSRB,RESISC45,SUN397,SVHN,0.5495585126228081,0.4526595744680851,0.25296296296296295,0.37133808392715756,0.5768253968253968,0.6313853904282116,0.3532959434542102
0.0,1.0,DTD,GTSRB,RESISC45,SUN397,SVHN,0.5365004352692451,0.400531914893617,0.21851851851851853,0.26357878068091845,0.4479365079365079,0.6108816120906801,0.08908266748617087
0.25,1.0,DTD,GTSRB,RESISC45,SUN397,SVHN,0.5437134684740704,0.41436170212765955,0.22481481481481483,0.29564528899445763,0.4866666666666667,0.6184886649874055,0.11585740626920712
0.5,1.0,DTD,GTSRB,RESISC45,SUN397,SVHN,0.5462007213033205,0.43031914893617024,0.2325925925925926,0.32335708630245447,0.5184126984126984,0.6249370277078086,0.1585740626920713
0.75,1.0,DTD,GTSRB,RESISC45,SUN397,SVHN,0.5505534137545082,0.4425531914893617,0.24555555555555555,0.3484560570071259,0.5488888888888889,0.6286146095717884,0.23229102642901045
1.0,1.0,DTD,GTSRB,RESISC45,SUN397,SVHN,0.5494341499813457,0.4526595744680851,0.25222222222222224,0.37133808392715756,0.576031746031746,0.6314357682619647,0.35102950215119855
0.0,0.25,EuroSAT,GTSRB,RESISC45,SUN397,SVHN,0.5365004352692451,0.400531914893617,0.21851851851851853,0.26357878068091845,0.4479365079365079,0.6108816120906801,0.08908266748617087
0.25,0.25,EuroSAT,GTSRB,RESISC45,SUN397,SVHN,0.5423454794179828,0.40904255319148936,0.29814814814814816,0.30712589073634206,0.49063492063492065,0.6183879093198993,0.1238859864781807
0.5,0.25,EuroSAT,GTSRB,RESISC45,SUN397,SVHN,0.547319985076483,0.41702127659574467,0.4211111111111111,0.3388756927949327,0.5279365079365079,0.6243828715365239,0.19053472649047326
0.75,0.25,EuroSAT,GTSRB,RESISC45,SUN397,SVHN,0.5505534137545082,0.42021276595744683,0.4974074074074074,0.3639746634996041,0.5607936507936508,0.6283123425692695,0.31188537185003073
1.0,0.25,EuroSAT,GTSRB,RESISC45,SUN397,SVHN,0.5512995896032832,0.42127659574468085,0.5485185185185185,0.389944576405384,0.5907936507936508,0.6285642317380352,0.4846727105101414
0.0,0.5,EuroSAT,GTSRB,RESISC45,SUN397,SVHN,0.5365004352692451,0.400531914893617,0.21851851851851853,0.26357878068091845,0.4479365079365079,0.6108816120906801,0.08908266748617087
0.25,0.5,EuroSAT,GTSRB,RESISC45,SUN397,SVHN,0.5427185673423703,0.40691489361702127,0.27814814814814814,0.29722882026920033,0.4838095238095238,0.6170780856423174,0.11505070682237246
0.5,0.5,EuroSAT,GTSRB,RESISC45,SUN397,SVHN,0.547071259793558,0.4186170212765957,0.36814814814814817,0.32375296912114016,0.5134920634920634,0.6225188916876574,0.1576521204671174
0.75,0.5,EuroSAT,GTSRB,RESISC45,SUN397,SVHN,0.5499316005471956,0.4223404255319149,0.44962962962962966,0.34679334916864607,0.5430158730158731,0.6268513853904282,0.2312538414259373
1.0,0.5,EuroSAT,GTSRB,RESISC45,SUN397,SVHN,0.5529163039422957,0.425531914893617,0.5077777777777778,0.3669041963578781,0.5676190476190476,0.6281612090680101,0.34561309157959436
0.0,0.75,EuroSAT,GTSRB,RESISC45,SUN397,SVHN,0.5365004352692451,0.400531914893617,0.21851851851851853,0.26357878068091845,0.4479365079365079,0.6108816120906801,0.08908266748617087
0.25,0.75,EuroSAT,GTSRB,RESISC45,SUN397,SVHN,0.5427185673423703,0.40638297872340423,0.27814814814814814,0.2969912905779889,0.483968253968254,0.6170277078085642,0.1149738783036263
0.5,0.75,EuroSAT,GTSRB,RESISC45,SUN397,SVHN,0.5469468971520955,0.4186170212765957,0.36666666666666664,0.32304038004750596,0.5133333333333333,0.6227707808564231,0.15722956361401352
0.75,0.75,EuroSAT,GTSRB,RESISC45,SUN397,SVHN,0.549061062056958,0.4223404255319149,0.4488888888888889,0.3465558194774347,0.5425396825396825,0.626750629722922,0.23029348494161034
1.0,0.75,EuroSAT,GTSRB,RESISC45,SUN397,SVHN,0.5527919413008332,0.42446808510638295,0.5070370370370371,0.36682501979414095,0.5677777777777778,0.6283627204030227,0.34376920712968656
0.0,1.0,EuroSAT,GTSRB,RESISC45,SUN397,SVHN,0.5365004352692451,0.400531914893617,0.21851851851851853,0.26357878068091845,0.4479365079365079,0.6108816120906801,0.08908266748617087
0.25,1.0,EuroSAT,GTSRB,RESISC45,SUN397,SVHN,0.5427185673423703,0.4074468085106383,0.2774074074074074,0.2967537608867775,0.4838095238095238,0.6171284634760705,0.11489704978488015
0.5,1.0,EuroSAT,GTSRB,RESISC45,SUN397,SVHN,0.5466981718691705,0.41808510638297874,0.36592592592592593,0.3235946159936659,0.5133333333333333,0.6225692695214106,0.15703749231714811
0.75,1.0,EuroSAT,GTSRB,RESISC45,SUN397,SVHN,0.5491854246984206,0.4223404255319149,0.4477777777777778,0.3458432304038005,0.5422222222222223,0.6268513853904282,0.22860325752919483
1.0,1.0,EuroSAT,GTSRB,RESISC45,SUN397,SVHN,0.5527919413008332,0.425,0.5062962962962962,0.3665874901029295,0.5671428571428572,0.6280604534005038,0.34227105101413646
