scaling_factor,dataset:0,dataset:1,dataset:2,dataset:3,dataset:4,Cars,DTD,EuroSAT,GTSRB,RESISC45,SUN397,SVHN
0.0,Cars,DTD,EuroSAT,GTSRB,RESISC45,0.5365004352692451,0.400531914893617,0.2185185185185185,0.2635787806809184,0.4479365079365079,0.6108816120906801,0.0890826674861708
0.05,Cars,DTD,EuroSAT,GTSRB,RESISC45,0.5506777763959706,0.4127659574468085,0.2507407407407407,0.2847980997624703,0.4723809523809524,0.6154659949622167,0.0934618930547019
0.1,Cars,DTD,EuroSAT,GTSRB,RESISC45,0.560626787712971,0.4212765957446808,0.2859259259259259,0.3,0.4961904761904762,0.6190428211586901,0.0977258758451137
0.15,Cars,DTD,EuroSAT,GTSRB,RESISC45,0.572441238651909,0.4303191489361702,0.3288888888888889,0.3134600158353127,0.5136507936507937,0.6226196473551637,0.1013752304855562
0.2,Cars,DTD,EuroSAT,GTSRB,RESISC45,0.5817684367615968,0.4414893617021276,0.3977777777777778,0.328424386381631,0.5315873015873016,0.6251889168765743,0.1065227412415488
0.25,Cars,DTD,EuroSAT,GTSRB,RESISC45,0.5918418107200597,0.4484042553191489,0.4437037037037037,0.340855106888361,0.5512698412698412,0.6270528967254408,0.1122464658881376
0.3,Cars,DTD,EuroSAT,GTSRB,RESISC45,0.5985573933590349,0.4579787234042553,0.4777777777777778,0.350910530482977,0.5644444444444444,0.6278589420654912,0.1168945912722802
0.35,Cars,DTD,EuroSAT,GTSRB,RESISC45,0.6037806243004601,0.4659574468085106,0.5070370370370371,0.3619952494061758,0.5807936507936508,0.6279093198992444,0.1218500307314075
0.4,Cars,DTD,EuroSAT,GTSRB,RESISC45,0.6098743937321228,0.4739361702127659,0.532962962962963,0.3711005542359462,0.5907936507936508,0.6281612090680101,0.1265749846342962
0.45,Cars,DTD,EuroSAT,GTSRB,RESISC45,0.613605272975998,0.4739361702127659,0.5525925925925926,0.3821852731591449,0.6012698412698413,0.6279596977329975,0.1304164105716042
0.5,Cars,DTD,EuroSAT,GTSRB,RESISC45,0.6190772292003482,0.4696808510638298,0.5707407407407408,0.3921615201900237,0.6088888888888889,0.6268513853904282,0.1341425937307928
0.55,Cars,DTD,EuroSAT,GTSRB,RESISC45,0.6241760975003109,0.4728723404255319,0.5881481481481482,0.4011084718923198,0.6114285714285714,0.6246347607052897,0.1377151198524892
0.6000000000000001,Cars,DTD,EuroSAT,GTSRB,RESISC45,0.6265389876880985,0.475,0.5977777777777777,0.4068883610451306,0.6177777777777778,0.6228211586901763,0.141018746158574
0.65,Cars,DTD,EuroSAT,GTSRB,RESISC45,0.6285287899514985,0.474468085106383,0.6048148148148148,0.4154394299287411,0.6212698412698413,0.6212594458438288,0.1423632452366318
0.7000000000000001,Cars,DTD,EuroSAT,GTSRB,RESISC45,0.6298967790075861,0.475531914893617,0.6148148148148148,0.4184481393507522,0.6214285714285714,0.6176826196473552,0.1446681007990166
0.75,Cars,DTD,EuroSAT,GTSRB,RESISC45,0.6315134933465987,0.4734042553191489,0.6185185185185185,0.4221694378463975,0.6206349206349207,0.6141057934508816,0.1455900430239705
0.8,Cars,DTD,EuroSAT,GTSRB,RESISC45,0.6312647680636737,0.4691489361702127,0.6203703703703703,0.4243072050673001,0.6195238095238095,0.6100251889168766,0.1461662569145667
0.8500000000000001,Cars,DTD,EuroSAT,GTSRB,RESISC45,0.6306429548563611,0.4686170212765957,0.6162962962962963,0.4264449722882027,0.6188888888888889,0.6046851385390428,0.1472802704363859
0.9,Cars,DTD,EuroSAT,GTSRB,RESISC45,0.6312647680636737,0.4638297872340425,0.6118518518518519,0.428978622327791,0.6153968253968254,0.6006045340050378,0.1471650276582667
0.95,Cars,DTD,EuroSAT,GTSRB,RESISC45,0.6297724163661236,0.4606382978723404,0.6040740740740741,0.4311163895486936,0.6141269841269841,0.5958186397984887,0.1465503995082974
1.0,Cars,DTD,EuroSAT,GTSRB,RESISC45,0.627409526178336,0.4553191489361702,0.5962962962962963,0.4305621536025336,0.6123809523809524,0.590831234256927,0.1452443146896128
0.0,Cars,DTD,EuroSAT,GTSRB,SUN397,0.5365004352692451,0.400531914893617,0.2185185185185185,0.2635787806809184,0.4479365079365079,0.6108816120906801,0.0890826674861708
0.05,Cars,DTD,EuroSAT,GTSRB,SUN397,0.5509265016788957,0.4111702127659574,0.2485185185185185,0.2851148060174188,0.4623809523809524,0.6175818639798488,0.0931545789797172
0.1,Cars,DTD,EuroSAT,GTSRB,SUN397,0.5618704141275961,0.423936170212766,0.2811111111111111,0.3022169437846397,0.473968253968254,0.6241813602015114,0.0974569760295021
0.15,Cars,DTD,EuroSAT,GTSRB,SUN397,0.5725656012933714,0.4292553191489361,0.3314814814814815,0.3176563737133808,0.483968253968254,0.6288664987405541,0.10129840196681
0.2,Cars,DTD,EuroSAT,GTSRB,SUN397,0.5830120631762219,0.4367021276595744,0.3859259259259259,0.331987331749802,0.4944444444444444,0.6336523929471033,0.1063306699446834
0.25,Cars,DTD,EuroSAT,GTSRB,SUN397,0.5915930854371347,0.4446808510638297,0.4259259259259259,0.3414093428345209,0.5006349206349207,0.6370780856423174,0.1116318377381684
0.3,Cars,DTD,EuroSAT,GTSRB,SUN397,0.5975624922273349,0.4484042553191489,0.4596296296296296,0.3517022961203483,0.5068253968253968,0.6402518891687657,0.1171250768285187
0.35,Cars,DTD,EuroSAT,GTSRB,SUN397,0.6056460639223977,0.4585106382978723,0.4825925925925926,0.3608076009501187,0.5122222222222222,0.641360201511335,0.1218884449907805
0.4,Cars,DTD,EuroSAT,GTSRB,SUN397,0.6132321850516105,0.4675531914893617,0.5040740740740741,0.3707046714172605,0.5179365079365079,0.6419647355163728,0.127420098340504
0.45,Cars,DTD,EuroSAT,GTSRB,SUN397,0.6187041412759607,0.4680851063829787,0.5255555555555556,0.3804433887569279,0.5190476190476191,0.6436272040302267,0.1319145666871542
0.5,Cars,DTD,EuroSAT,GTSRB,SUN397,0.6211913941052108,0.475531914893617,0.5425925925925926,0.389390340459224,0.5217460317460317,0.6436272040302267,0.1355255070682237
0.55,Cars,DTD,EuroSAT,GTSRB,SUN397,0.6255440865563985,0.476063829787234,0.5585185185185185,0.3965162311955661,0.5260317460317461,0.6438287153652393,0.1385218192993239
0.6000000000000001,Cars,DTD,EuroSAT,GTSRB,SUN397,0.6291506031588111,0.4792553191489361,0.5796296296296296,0.4038796516231195,0.5247619047619048,0.6434760705289673,0.1403657037492317
0.65,Cars,DTD,EuroSAT,GTSRB,SUN397,0.6333789329685362,0.4808510638297872,0.5944444444444444,0.4098970704671417,0.5271428571428571,0.6411083123425693,0.1412876459741856
0.7000000000000001,Cars,DTD,EuroSAT,GTSRB,SUN397,0.6347469220246238,0.4824468085106383,0.6037037037037037,0.4159144893111638,0.5258730158730158,0.6403526448362721,0.1414413030116779
0.75,Cars,DTD,EuroSAT,GTSRB,SUN397,0.6372341748538739,0.4808510638297872,0.6133333333333333,0.4235946159936659,0.5247619047619048,0.6387909319899244,0.1415949600491702
0.8,Cars,DTD,EuroSAT,GTSRB,SUN397,0.6383534386270364,0.4845744680851064,0.6203703703703703,0.4288994457640538,0.5220634920634921,0.6365743073047859,0.1421711739397664
0.8500000000000001,Cars,DTD,EuroSAT,GTSRB,SUN397,0.6388508891928865,0.4867021276595745,0.6259259259259259,0.4338875692794933,0.5215873015873016,0.6350629722921914,0.1422095881991395
0.9,Cars,DTD,EuroSAT,GTSRB,SUN397,0.638477801268499,0.4845744680851064,0.6266666666666667,0.43729216152019,0.5201587301587302,0.6340554156171284,0.1413644744929317
0.95,Cars,DTD,EuroSAT,GTSRB,SUN397,0.637731625419724,0.4856382978723404,0.6248148148148148,0.4405384006334125,0.5192063492063492,0.6310831234256927,0.1398279041180086
1.0,Cars,DTD,EuroSAT,GTSRB,SUN397,0.6359905484392488,0.4856382978723404,0.6188888888888889,0.4418052256532066,0.5173015873015873,0.629168765743073,0.1386754763368162
0.0,Cars,DTD,EuroSAT,GTSRB,SVHN,0.5365004352692451,0.400531914893617,0.2185185185185185,0.2635787806809184,0.4479365079365079,0.6108816120906801,0.0890826674861708
0.05,Cars,DTD,EuroSAT,GTSRB,SVHN,0.5504290511130456,0.4111702127659574,0.2474074074074074,0.2874901029295328,0.46,0.615264483627204,0.1014904732636754
0.1,Cars,DTD,EuroSAT,GTSRB,SVHN,0.5611242382788211,0.4207446808510638,0.2822222222222222,0.3073634204275534,0.4706349206349206,0.6177329974811083,0.1183927473878303
0.15,Cars,DTD,EuroSAT,GTSRB,SVHN,0.5711976122372839,0.4297872340425532,0.3340740740740741,0.323673792557403,0.4826984126984127,0.6205037783375315,0.1409419176398279
0.2,Cars,DTD,EuroSAT,GTSRB,SVHN,0.5801517224225843,0.4351063829787234,0.3937037037037037,0.3374505146476643,0.4934920634920635,0.6227204030226701,0.1696373693915181
0.25,Cars,DTD,EuroSAT,GTSRB,SVHN,0.5903494590225097,0.4462765957446808,0.4296296296296296,0.3503562945368171,0.4992063492063492,0.6252392947103275,0.2080132145052243
0.3,Cars,DTD,EuroSAT,GTSRB,SVHN,0.5960701405297848,0.4521276595744681,0.46,0.3602533650039588,0.5049206349206349,0.6262468513853904,0.2591041794714198
0.35,Cars,DTD,EuroSAT,GTSRB,SVHN,0.59980101977366,0.4590425531914893,0.4818518518518518,0.3708630245447347,0.5107936507936508,0.6272040302267002,0.3199523663183773
0.4,Cars,DTD,EuroSAT,GTSRB,SVHN,0.6057704265638603,0.4654255319148936,0.4929629629629629,0.3831353919239905,0.5149206349206349,0.6289672544080604,0.3869468346650276
0.45,Cars,DTD,EuroSAT,GTSRB,SVHN,0.6101231190150479,0.4680851063829787,0.5044444444444445,0.3920031670625495,0.5190476190476191,0.6277581863979849,0.4524815611555009
0.5,Cars,DTD,EuroSAT,GTSRB,SVHN,0.6154707125979356,0.4702127659574468,0.5151851851851852,0.4006334125098971,0.5246031746031746,0.6276070528967255,0.5080285802089736
0.55,Cars,DTD,EuroSAT,GTSRB,SVHN,0.6187041412759607,0.4702127659574468,0.5270370370370371,0.4082343626286619,0.53,0.6268010075566751,0.5531653349723418
0.6000000000000001,Cars,DTD,EuroSAT,GTSRB,SVHN,0.6200721303320482,0.4734042553191489,0.5422222222222223,0.414172604908947,0.530952380952381,0.6259949622166247,0.5851259987707437
0.65,Cars,DTD,EuroSAT,GTSRB,SVHN,0.625170998632011,0.4723404255319149,0.5459259259259259,0.4197941409342834,0.5315873015873016,0.6228211586901763,0.612861094038107
0.7000000000000001,Cars,DTD,EuroSAT,GTSRB,SVHN,0.6287775152344236,0.4718085106382979,0.5525925925925926,0.4239113222486144,0.5326984126984127,0.6207556675062972,0.6322218807621389
0.75,Cars,DTD,EuroSAT,GTSRB,SVHN,0.6302698669319736,0.4712765957446808,0.5562962962962963,0.4278701504354711,0.5333333333333333,0.6189924433249371,0.6477028272894899
0.8,Cars,DTD,EuroSAT,GTSRB,SVHN,0.6298967790075861,0.4702127659574468,0.5577777777777778,0.4311955661124307,0.533015873015873,0.617984886649874,0.6602642901044868
0.8500000000000001,Cars,DTD,EuroSAT,GTSRB,SVHN,0.6306429548563611,0.4696808510638298,0.5581481481481482,0.4339667458432304,0.5323809523809524,0.6149622166246851,0.6693684695759066
0.9,Cars,DTD,EuroSAT,GTSRB,SVHN,0.6302698669319736,0.4702127659574468,0.5477777777777778,0.4385589865399841,0.5328571428571428,0.6119899244332494,0.6752842655193608
0.95,Cars,DTD,EuroSAT,GTSRB,SVHN,0.6286531525929611,0.4712765957446808,0.5170370370370371,0.4418844022169438,0.5304761904761904,0.6093198992443325,0.6806622618315918
1.0,Cars,DTD,EuroSAT,GTSRB,SVHN,0.626912075612486,0.4680851063829787,0.4988888888888889,0.4409342834520982,0.5293650793650794,0.6057934508816121,0.6835049170251998
0.0,Cars,DTD,EuroSAT,RESISC45,SUN397,0.5365004352692451,0.400531914893617,0.2185185185185185,0.2635787806809184,0.4479365079365079,0.6108816120906801,0.0890826674861708
0.05,Cars,DTD,EuroSAT,RESISC45,SUN397,0.5521701280935207,0.4117021276595745,0.2529629629629629,0.2689627870150435,0.473968253968254,0.6178841309823677,0.0920021511985249
0.1,Cars,DTD,EuroSAT,RESISC45,SUN397,0.561372963561746,0.4244680851063829,0.292962962962963,0.2709422011084719,0.4995238095238095,0.6249370277078086,0.0948448063921327
0.15,Cars,DTD,EuroSAT,RESISC45,SUN397,0.573933590349459,0.4319148936170213,0.3348148148148148,0.272209026128266,0.5188888888888888,0.6300755667506297,0.0976874615857406
0.2,Cars,DTD,EuroSAT,RESISC45,SUN397,0.5853749533640095,0.4409574468085106,0.4051851851851852,0.2708630245447347,0.5358730158730158,0.6349622166246851,0.0996081745543946
0.25,Cars,DTD,EuroSAT,RESISC45,SUN397,0.5939559756249223,0.4484042553191489,0.4392592592592592,0.2718131433095803,0.5531746031746032,0.6370780856423174,0.1028349723417332
0.3,Cars,DTD,EuroSAT,RESISC45,SUN397,0.6004228329809725,0.4563829787234043,0.4785185185185185,0.2741884402216943,0.567936507936508,0.6403022670025189,0.1059465273509526
0.35,Cars,DTD,EuroSAT,RESISC45,SUN397,0.6086307673174979,0.4606382978723404,0.5066666666666667,0.276326207442597,0.5795238095238096,0.6431234256926952,0.1082513829133374
0.4,Cars,DTD,EuroSAT,RESISC45,SUN397,0.614848899390623,0.4648936170212766,0.5303703703703704,0.277513855898654,0.5885714285714285,0.6430226700251889,0.1111324523663183
0.45,Cars,DTD,EuroSAT,RESISC45,SUN397,0.6199477676905858,0.474468085106383,0.5537037037037037,0.2779889152810768,0.594920634920635,0.6413098236775818,0.1132068223724646
0.5,Cars,DTD,EuroSAT,RESISC45,SUN397,0.626912075612486,0.475,0.5785185185185185,0.2779097387173396,0.6,0.6399496221662468,0.1152043638598647
0.55,Cars,DTD,EuroSAT,RESISC45,SUN397,0.6306429548563611,0.475,0.6014814814814815,0.2770387965162312,0.6039682539682539,0.6381863979848866,0.1168177627535341
0.6000000000000001,Cars,DTD,EuroSAT,RESISC45,SUN397,0.6318865812709862,0.4787234042553192,0.6259259259259259,0.2768804433887569,0.6079365079365079,0.6361712846347607,0.117739704978488
0.65,Cars,DTD,EuroSAT,RESISC45,SUN397,0.6332545703270738,0.4776595744680851,0.6362962962962962,0.276326207442597,0.6095238095238096,0.633904282115869,0.118738475722188
0.7000000000000001,Cars,DTD,EuroSAT,RESISC45,SUN397,0.6346225593831613,0.4781914893617021,0.6459259259259259,0.2755344418052256,0.6096825396825397,0.6317380352644836,0.1193531038721573
0.75,Cars,DTD,EuroSAT,RESISC45,SUN397,0.6352443725904738,0.4781914893617021,0.6533333333333333,0.2740300870942201,0.6095238095238096,0.6300251889168765,0.1200445605408727
0.8,Cars,DTD,EuroSAT,RESISC45,SUN397,0.6348712846660863,0.4776595744680851,0.6577777777777778,0.2728424386381631,0.6085714285714285,0.6268513853904282,0.1211201598033189
0.8500000000000001,Cars,DTD,EuroSAT,RESISC45,SUN397,0.6328814824026863,0.4723404255319149,0.6592592592592592,0.2708630245447347,0.606984126984127,0.6236775818639798,0.1212738168408113
0.9,Cars,DTD,EuroSAT,RESISC45,SUN397,0.6326327571197612,0.4712765957446808,0.6525925925925926,0.2692003167062549,0.6039682539682539,0.6208564231738035,0.1213122311001844
0.95,Cars,DTD,EuroSAT,RESISC45,SUN397,0.6295236910831986,0.4686170212765957,0.6507407407407407,0.2676167854315123,0.6011111111111112,0.6182367758186398,0.1210049170251997
1.0,Cars,DTD,EuroSAT,RESISC45,SUN397,0.626414625046636,0.4654255319148936,0.644074074074074,0.2656373713380839,0.5966666666666667,0.6147607052896725,0.1209665027658266
0.0,Cars,DTD,EuroSAT,RESISC45,SVHN,0.5365004352692451,0.400531914893617,0.2185185185185185,0.2635787806809184,0.4479365079365079,0.6108816120906801,0.0890826674861708
0.05,Cars,DTD,EuroSAT,RESISC45,SVHN,0.5509265016788957,0.4117021276595745,0.2522222222222222,0.2709422011084719,0.4738095238095238,0.6160201511335013,0.1002612169637369
0.1,Cars,DTD,EuroSAT,RESISC45,SVHN,0.560626787712971,0.423936170212766,0.2944444444444444,0.2746634996041172,0.4957142857142857,0.6196473551637279,0.1157421634910878
0.15,Cars,DTD,EuroSAT,RESISC45,SVHN,0.572689963934834,0.4308510638297872,0.34,0.2759303246239113,0.5185714285714286,0.6226196473551637,0.1339121081745544
0.2,Cars,DTD,EuroSAT,RESISC45,SVHN,0.5836338763835344,0.4425531914893617,0.4092592592592592,0.2794140934283452,0.5357142857142857,0.625088161209068,0.1581899200983405
0.25,Cars,DTD,EuroSAT,RESISC45,SVHN,0.5922148986444472,0.4473404255319149,0.444074074074074,0.2831353919239905,0.5553968253968254,0.6272040302267002,0.1923017824216349
0.3,Cars,DTD,EuroSAT,RESISC45,SVHN,0.5983086680761099,0.4521276595744681,0.477037037037037,0.2851939825811559,0.5684126984126984,0.629823677581864,0.2373232944068838
0.35,Cars,DTD,EuroSAT,RESISC45,SVHN,0.6039049869419226,0.4590425531914893,0.5,0.2866983372921615,0.584920634920635,0.6293702770780857,0.292639827904118
0.4,Cars,DTD,EuroSAT,RESISC45,SVHN,0.6098743937321228,0.4675531914893617,0.5137037037037037,0.2886777513855899,0.5958730158730159,0.6279093198992444,0.3627842655193607
0.45,Cars,DTD,EuroSAT,RESISC45,SVHN,0.6139783609003855,0.4664893617021277,0.5314814814814814,0.2897862232779097,0.6017460317460317,0.6268513853904282,0.4290872771972956
0.5,Cars,DTD,EuroSAT,RESISC45,SVHN,0.6187041412759607,0.4728723404255319,0.547037037037037,0.2902612826603325,0.6123809523809524,0.6238287153652393,0.4893208358942839
0.55,Cars,DTD,EuroSAT,RESISC45,SVHN,0.6220619325954483,0.4718085106382979,0.5596296296296296,0.2901821060965954,0.616031746031746,0.6220654911838791,0.5391057160417947
0.6000000000000001,Cars,DTD,EuroSAT,RESISC45,SVHN,0.6262902624051735,0.4664893617021277,0.5703703703703704,0.2916072842438638,0.6209523809523809,0.618287153652393,0.5792102028272895
0.65,Cars,DTD,EuroSAT,RESISC45,SVHN,0.6270364382539485,0.4654255319148936,0.5744444444444444,0.2922406967537609,0.6203174603174603,0.6150125944584383,0.6072141979102643
0.7000000000000001,Cars,DTD,EuroSAT,RESISC45,SVHN,0.6318865812709862,0.4702127659574468,0.5818518518518518,0.2933491686460807,0.6225396825396825,0.6121410579345088,0.6318377381684082
0.75,Cars,DTD,EuroSAT,RESISC45,SVHN,0.6330058450441487,0.4696808510638298,0.5885185185185186,0.2942201108471892,0.623968253968254,0.6080604534005037,0.6487015980331899
0.8,Cars,DTD,EuroSAT,RESISC45,SVHN,0.6315134933465987,0.4691489361702127,0.5914814814814815,0.2945368171021377,0.6233333333333333,0.6034256926952141,0.6630301167793485
0.8500000000000001,Cars,DTD,EuroSAT,RESISC45,SVHN,0.6312647680636737,0.4664893617021277,0.5911111111111111,0.294695170229612,0.6206349206349207,0.599294710327456,0.6757068223724647
0.9,Cars,DTD,EuroSAT,RESISC45,SVHN,0.6303942295734362,0.4638297872340425,0.5837037037037037,0.2954869358669834,0.6214285714285714,0.5945088161209068,0.6862323294406883
0.95,Cars,DTD,EuroSAT,RESISC45,SVHN,0.626912075612486,0.4627659574468085,0.5651851851851852,0.2959619952494062,0.6157142857142858,0.5906297229219144,0.6931853103872158
1.0,Cars,DTD,EuroSAT,RESISC45,SVHN,0.6225593831612983,0.4601063829787234,0.5485185185185185,0.2951702296120348,0.6085714285714285,0.5854408060453401,0.698179164105716
0.0,Cars,DTD,EuroSAT,SUN397,SVHN,0.5365004352692451,0.400531914893617,0.2185185185185185,0.2635787806809184,0.4479365079365079,0.6108816120906801,0.0890826674861708
0.05,Cars,DTD,EuroSAT,SUN397,SVHN,0.5510508643203582,0.4122340425531915,0.2522222222222222,0.2724465558194774,0.4638095238095238,0.6178841309823677,0.1000307314074984
0.1,Cars,DTD,EuroSAT,SUN397,SVHN,0.5609998756373585,0.4191489361702127,0.2881481481481481,0.277513855898654,0.4758730158730159,0.6236775818639798,0.1151659496004917
0.15,Cars,DTD,EuroSAT,SUN397,SVHN,0.572689963934834,0.4292553191489361,0.3462962962962962,0.2809184481393507,0.4877777777777777,0.6287657430730479,0.1338352796558082
0.2,Cars,DTD,EuroSAT,SUN397,SVHN,0.5836338763835344,0.4351063829787234,0.397037037037037,0.2844022169437846,0.4980952380952381,0.6326952141057934,0.1580362630608482
0.25,Cars,DTD,EuroSAT,SUN397,SVHN,0.5904738216639721,0.4414893617021276,0.4307407407407407,0.2879651623119557,0.5049206349206349,0.6359697732997481,0.1908036263060848
0.3,Cars,DTD,EuroSAT,SUN397,SVHN,0.5968163163785599,0.4484042553191489,0.4551851851851852,0.2891528107680127,0.5107936507936508,0.639345088161209,0.2326367547633681
0.35,Cars,DTD,EuroSAT,SUN397,SVHN,0.6041537122248477,0.4526595744680851,0.48,0.2917656373713381,0.5131746031746032,0.6416120906801007,0.2839966195451752
0.4,Cars,DTD,EuroSAT,SUN397,SVHN,0.6114911080711354,0.4595744680851064,0.4981481481481482,0.2951702296120348,0.5166666666666667,0.6428211586901763,0.3493008604794099
0.45,Cars,DTD,EuroSAT,SUN397,SVHN,0.6173361522198731,0.4648936170212766,0.512962962962963,0.2938242280285035,0.5196825396825396,0.642367758186398,0.4184849416103257
0.5,Cars,DTD,EuroSAT,SUN397,SVHN,0.6216888446710608,0.4718085106382979,0.5277777777777778,0.2939034045922407,0.5249206349206349,0.642015113350126,0.4798709280885064
0.55,Cars,DTD,EuroSAT,SUN397,SVHN,0.625917174480786,0.474468085106383,0.5407407407407407,0.2941409342834521,0.5257142857142857,0.6416624685138539,0.5295789797172711
0.6000000000000001,Cars,DTD,EuroSAT,SUN397,SVHN,0.6306429548563611,0.477127659574468,0.5566666666666666,0.293507521773555,0.5271428571428571,0.6409068010075567,0.5671097111247695
0.65,Cars,DTD,EuroSAT,SUN397,SVHN,0.6343738341002363,0.4792553191489361,0.5651851851851852,0.292874109263658,0.5263492063492063,0.6397984886649875,0.5975722188076213
0.7000000000000001,Cars,DTD,EuroSAT,SUN397,SVHN,0.6352443725904738,0.4819148936170213,0.5744444444444444,0.2924782264449723,0.5293650793650794,0.638287153652393,0.6240780577750461
0.75,Cars,DTD,EuroSAT,SUN397,SVHN,0.6372341748538739,0.4797872340425532,0.5844444444444444,0.2924782264449723,0.5285714285714286,0.6362216624685139,0.6416333743085433
0.8,Cars,DTD,EuroSAT,SUN397,SVHN,0.6372341748538739,0.4787234042553192,0.5925925925925926,0.2927949326999208,0.5261904761904762,0.6345088161209068,0.6586893054701906
0.8500000000000001,Cars,DTD,EuroSAT,SUN397,SVHN,0.6374829001367989,0.4813829787234042,0.5937037037037037,0.2920031670625495,0.5244444444444445,0.632896725440806,0.6726336816226183
0.9,Cars,DTD,EuroSAT,SUN397,SVHN,0.637731625419724,0.4824468085106383,0.5937037037037037,0.2925574030087094,0.5228571428571429,0.6319395465994962,0.6840811309157959
0.95,Cars,DTD,EuroSAT,SUN397,SVHN,0.6338763835343862,0.4813829787234042,0.5944444444444444,0.2925574030087094,0.5201587301587302,0.6300251889168765,0.6930316533497234
1.0,Cars,DTD,EuroSAT,SUN397,SVHN,0.6317622186295236,0.4781914893617021,0.59,0.292319873317498,0.5171428571428571,0.6283123425692695,0.7007145052243393
0.0,Cars,DTD,GTSRB,RESISC45,SUN397,0.5365004352692451,0.400531914893617,0.2185185185185185,0.2635787806809184,0.4479365079365079,0.6108816120906801,0.0890826674861708
0.05,Cars,DTD,GTSRB,RESISC45,SUN397,0.5505534137545082,0.4111702127659574,0.2203703703703703,0.2845605700712589,0.4725396825396825,0.6174307304785894,0.0941533497234173
0.1,Cars,DTD,GTSRB,RESISC45,SUN397,0.5612486009202835,0.425531914893617,0.2229629629629629,0.2977830562153603,0.496031746031746,0.6243324937027708,0.0989935464044253
0.15,Cars,DTD,GTSRB,RESISC45,SUN397,0.572938689217759,0.4324468085106383,0.2296296296296296,0.311243072050673,0.5173015873015873,0.6301259445843829,0.1046404425322679
0.2,Cars,DTD,GTSRB,RESISC45,SUN397,0.5852505907225469,0.4398936170212766,0.2329629629629629,0.3276326207442597,0.5380952380952381,0.6355163727959697,0.1105178242163491
0.25,Cars,DTD,GTSRB,RESISC45,SUN397,0.5915930854371347,0.4468085106382978,0.2366666666666666,0.3411718131433096,0.5533333333333333,0.6383879093198992,0.1179317762753534
0.3,Cars,DTD,GTSRB,RESISC45,SUN397,0.5984330307175725,0.451595744680851,0.2455555555555555,0.3511480601741884,0.5682539682539682,0.6412090680100756,0.1247311001843884
0.35,Cars,DTD,GTSRB,RESISC45,SUN397,0.6058947892053227,0.4563829787234043,0.2525925925925926,0.363895486935867,0.5838095238095238,0.6436775818639798,0.131799323909035
0.4,Cars,DTD,GTSRB,RESISC45,SUN397,0.612610371844298,0.4611702127659574,0.2622222222222222,0.3777513855898654,0.5952380952380952,0.6432745591939547,0.1375614628149969
0.45,Cars,DTD,GTSRB,RESISC45,SUN397,0.6183310533515732,0.4670212765957446,0.2685185185185185,0.3892319873317498,0.6065079365079366,0.6424181360201512,0.1443607867240319
0.5,Cars,DTD,GTSRB,RESISC45,SUN397,0.6226837458027609,0.4696808510638298,0.2722222222222222,0.4007917656373713,0.6150793650793651,0.6427707808564231,0.1497003687768899
0.55,Cars,DTD,GTSRB,RESISC45,SUN397,0.626912075612486,0.4702127659574468,0.2814814814814815,0.4095803642121932,0.6203174603174603,0.6409068010075567,0.1554240934234788
0.6000000000000001,Cars,DTD,GTSRB,RESISC45,SUN397,0.6285287899514985,0.4659574468085106,0.2840740740740741,0.4161520190023753,0.6255555555555555,0.6393954659949622,0.1591502765826674
0.65,Cars,DTD,GTSRB,RESISC45,SUN397,0.6307673174978237,0.4670212765957446,0.2837037037037037,0.4241488519398258,0.6257142857142857,0.636926952141058,0.1639520590043024
0.7000000000000001,Cars,DTD,GTSRB,RESISC45,SUN397,0.6313891307051361,0.4696808510638298,0.2829629629629629,0.4314330958036421,0.6258730158730159,0.6348110831234257,0.166679471419791
0.75,Cars,DTD,GTSRB,RESISC45,SUN397,0.6331302076856112,0.4654255319148936,0.2811111111111111,0.4373713380839271,0.6271428571428571,0.6318387909319899,0.1699446834665027
0.8,Cars,DTD,GTSRB,RESISC45,SUN397,0.6335032956099987,0.4659574468085106,0.2774074074074074,0.4422011084718923,0.6285714285714286,0.6287657430730479,0.1724800245851259
0.8500000000000001,Cars,DTD,GTSRB,RESISC45,SUN397,0.6352443725904738,0.4670212765957446,0.2751851851851852,0.4475059382422803,0.6285714285714286,0.6249874055415617,0.1739013521819299
0.9,Cars,DTD,GTSRB,RESISC45,SUN397,0.6340007461758488,0.4643617021276596,0.2766666666666666,0.4504354711005542,0.626984126984127,0.6201511335012595,0.17589889366933
0.95,Cars,DTD,GTSRB,RESISC45,SUN397,0.6326327571197612,0.4579787234042553,0.2792592592592592,0.4552652414885194,0.6249206349206349,0.6168261964735516,0.1775507068223724
1.0,Cars,DTD,GTSRB,RESISC45,SUN397,0.6307673174978237,0.4547872340425531,0.2829629629629629,0.4576405384006334,0.6236507936507937,0.6144080604534005,0.1786647203441917
0.0,Cars,DTD,GTSRB,RESISC45,SVHN,0.5365004352692451,0.400531914893617,0.2185185185185185,0.2635787806809184,0.4479365079365079,0.6108816120906801,0.0890826674861708
0.05,Cars,DTD,GTSRB,RESISC45,SVHN,0.5509265016788957,0.4117021276595745,0.2218518518518518,0.2855106888361045,0.4704761904761905,0.6157178841309824,0.1024892440073755
0.1,Cars,DTD,GTSRB,RESISC45,SVHN,0.560875512995896,0.4234042553191489,0.2292592592592592,0.3020585906571655,0.4936507936507937,0.6194458438287154,0.1201213890596189
0.15,Cars,DTD,GTSRB,RESISC45,SVHN,0.5728143265762965,0.4319148936170213,0.2337037037037037,0.3174980205859066,0.5134920634920634,0.6225692695214106,0.1440534726490473
0.2,Cars,DTD,GTSRB,RESISC45,SVHN,0.5812709861957468,0.4393617021276595,0.2444444444444444,0.3333333333333333,0.5333333333333333,0.6244332493702771,0.173939766441303
0.25,Cars,DTD,GTSRB,RESISC45,SVHN,0.5896032831737346,0.45,0.2559259259259259,0.3488519398258116,0.5546031746031747,0.6274055415617128,0.2149661954517517
0.3,Cars,DTD,GTSRB,RESISC45,SVHN,0.5956970526053973,0.4531914893617021,0.2611111111111111,0.3638163103721298,0.5704761904761905,0.6273551637279597,0.2701674861708666
0.35,Cars,DTD,GTSRB,RESISC45,SVHN,0.6035318990175351,0.4574468085106383,0.2674074074074074,0.3746634996041171,0.5869841269841269,0.6286146095717884,0.3374692685925015
0.4,Cars,DTD,GTSRB,RESISC45,SVHN,0.6070140529784852,0.4638297872340425,0.2729629629629629,0.3844813935075217,0.6014285714285714,0.6280100755667506,0.4104179471419791
0.45,Cars,DTD,GTSRB,RESISC45,SVHN,0.612859097127223,0.4632978723404255,0.2722222222222222,0.395882818685669,0.6165079365079366,0.626095717884131,0.4880531653349723
0.5,Cars,DTD,GTSRB,RESISC45,SVHN,0.6164656137296356,0.4611702127659574,0.27,0.4051464766429137,0.6238095238095238,0.6235768261964736,0.5502842655193608
0.55,Cars,DTD,GTSRB,RESISC45,SVHN,0.6203208556149733,0.4601063829787234,0.2655555555555555,0.4152019002375297,0.6314285714285715,0.6224685138539043,0.598340503995083
0.6000000000000001,Cars,DTD,GTSRB,RESISC45,SVHN,0.6245491854246984,0.4585106382978723,0.2585185185185185,0.4254948535233571,0.6366666666666667,0.6176826196473552,0.6323755377996312
0.65,Cars,DTD,GTSRB,RESISC45,SVHN,0.628155702027111,0.4537234042553191,0.2518518518518518,0.431353919239905,0.6347619047619047,0.6136523929471033,0.6551167793484942
0.7000000000000001,Cars,DTD,GTSRB,RESISC45,SVHN,0.6277826141027235,0.4462765957446808,0.2451851851851851,0.43729216152019,0.6363492063492063,0.6096221662468514,0.6752074370006146
0.75,Cars,DTD,GTSRB,RESISC45,SVHN,0.6293993284417361,0.4420212765957447,0.2425925925925925,0.443230403800475,0.6334920634920634,0.6055919395465995,0.6910341118623233
0.8,Cars,DTD,GTSRB,RESISC45,SVHN,0.6291506031588111,0.4377659574468085,0.2355555555555555,0.4490102929532858,0.6284126984126984,0.6001511335012595,0.7026736324523664
0.8500000000000001,Cars,DTD,GTSRB,RESISC45,SVHN,0.628155702027111,0.4329787234042553,0.2355555555555555,0.4522565320665083,0.6263492063492063,0.59455919395466,0.7137753534111863
0.9,Cars,DTD,GTSRB,RESISC45,SVHN,0.6286531525929611,0.4271276595744681,0.2314814814814814,0.4561361836896279,0.6238095238095238,0.589521410579345,0.7224569760295021
0.95,Cars,DTD,GTSRB,RESISC45,SVHN,0.626912075612486,0.4244680851063829,0.2292592592592592,0.4612826603325415,0.6201587301587301,0.5822670025188917,0.7300629993853719
1.0,Cars,DTD,GTSRB,RESISC45,SVHN,0.6243004601417734,0.4175531914893617,0.2281481481481481,0.4641330166270784,0.6161904761904762,0.575566750629723,0.7344422249539029
0.0,Cars,DTD,GTSRB,SUN397,SVHN,0.5365004352692451,0.400531914893617,0.2185185185185185,0.2635787806809184,0.4479365079365079,0.6108816120906801,0.0890826674861708
0.05,Cars,DTD,GTSRB,SUN397,SVHN,0.5510508643203582,0.4111702127659574,0.2207407407407407,0.2866983372921615,0.4593650793650793,0.6176826196473552,0.1024508297480024
0.1,Cars,DTD,GTSRB,SUN397,SVHN,0.5629896779007586,0.423936170212766,0.2255555555555555,0.3042755344418052,0.4709523809523809,0.6239294710327455,0.1199293177627535
0.15,Cars,DTD,GTSRB,SUN397,SVHN,0.571943788086059,0.4324468085106383,0.2285185185185185,0.3205859065716548,0.4847619047619048,0.6283123425692695,0.1431699446834665
0.2,Cars,DTD,GTSRB,SUN397,SVHN,0.5838826016664594,0.4382978723404255,0.2322222222222222,0.3367379255740301,0.4939682539682539,0.632896725440806,0.1729025814382298
0.25,Cars,DTD,GTSRB,SUN397,SVHN,0.5909712722298222,0.4457446808510638,0.2374074074074074,0.3509897070467141,0.5019047619047619,0.6366246851385391,0.2130070682237246
0.3,Cars,DTD,GTSRB,SUN397,SVHN,0.5968163163785599,0.4531914893617021,0.2559259259259259,0.3639746634996041,0.5101587301587301,0.6397481108312343,0.2647894898586355
0.35,Cars,DTD,GTSRB,SUN397,SVHN,0.6021639099614475,0.4547872340425531,0.2781481481481481,0.3778305621536025,0.5163492063492063,0.6417128463476071,0.3279041180086048
0.4,Cars,DTD,GTSRB,SUN397,SVHN,0.6076358661857978,0.4569148936170212,0.2985185185185185,0.3870942201108472,0.5233333333333333,0.6431738035264484,0.3994314689612784
0.45,Cars,DTD,GTSRB,SUN397,SVHN,0.6129834597686855,0.4638297872340425,0.3103703703703703,0.3984164687252573,0.5258730158730158,0.6435264483627204,0.4744161032575292
0.5,Cars,DTD,GTSRB,SUN397,SVHN,0.6189528665588857,0.4691489361702127,0.3151851851851852,0.4086302454473476,0.5292063492063492,0.6428715365239295,0.536839274738783
0.55,Cars,DTD,GTSRB,SUN397,SVHN,0.6239273722173859,0.4696808510638298,0.3144444444444444,0.4203483768804434,0.5353968253968254,0.6439294710327456,0.5861247695144438
0.6000000000000001,Cars,DTD,GTSRB,SUN397,SVHN,0.627906976744186,0.4696808510638298,0.3,0.4282660332541568,0.5379365079365079,0.6433753148614609,0.6237323294406883
0.65,Cars,DTD,GTSRB,SUN397,SVHN,0.6300211416490487,0.4696808510638298,0.2666666666666666,0.434916864608076,0.539047619047619,0.6411586901763224,0.6500845113706207
0.7000000000000001,Cars,DTD,GTSRB,SUN397,SVHN,0.6325083944782988,0.4718085106382979,0.2451851851851851,0.4397466349960411,0.5393650793650794,0.6396977329974811,0.6702904118008605
0.75,Cars,DTD,GTSRB,SUN397,SVHN,0.6333789329685362,0.4702127659574468,0.2355555555555555,0.4458432304038005,0.5377777777777778,0.6385894206549119,0.6868085433312846
0.8,Cars,DTD,GTSRB,SUN397,SVHN,0.6348712846660863,0.4632978723404255,0.2266666666666666,0.4510688836104513,0.5371428571428571,0.6363727959697733,0.6994468346650277
0.8500000000000001,Cars,DTD,GTSRB,SUN397,SVHN,0.6352443725904738,0.4627659574468085,0.2222222222222222,0.4561361836896279,0.5357142857142857,0.6338539042821159,0.7104717271051014
0.9,Cars,DTD,GTSRB,SUN397,SVHN,0.6347469220246238,0.4585106382978723,0.22,0.4624703087885985,0.5333333333333333,0.6303778337531486,0.7208051628764598
0.95,Cars,DTD,GTSRB,SUN397,SVHN,0.6344981967416988,0.4553191489361702,0.2188888888888888,0.4680126682501979,0.5307936507936508,0.6281108312342569,0.7270666871542717
1.0,Cars,DTD,GTSRB,SUN397,SVHN,0.6303942295734362,0.4531914893617021,0.2162962962962963,0.4737925574030087,0.5276190476190477,0.6254911838790932,0.7312538414259373
0.0,Cars,DTD,RESISC45,SUN397,SVHN,0.5365004352692451,0.400531914893617,0.2185185185185185,0.2635787806809184,0.4479365079365079,0.6108816120906801,0.0890826674861708
0.05,Cars,DTD,RESISC45,SUN397,SVHN,0.5514239522447457,0.4117021276595745,0.2233333333333333,0.2701504354711005,0.4722222222222222,0.617984886649874,0.1009910878918254
0.1,Cars,DTD,RESISC45,SUN397,SVHN,0.5618704141275961,0.425531914893617,0.2322222222222222,0.2741092636579572,0.4988888888888889,0.6249370277078086,0.1166641057160418
0.15,Cars,DTD,RESISC45,SUN397,SVHN,0.5743066782738465,0.4345744680851063,0.2407407407407407,0.2752177355502771,0.5195238095238095,0.631183879093199,0.1354870928088506
0.2,Cars,DTD,RESISC45,SUN397,SVHN,0.585499316005472,0.4430851063829787,0.2551851851851852,0.2754552652414885,0.5380952380952381,0.6357682619647356,0.1606868469575906
0.25,Cars,DTD,RESISC45,SUN397,SVHN,0.5934585250590723,0.4478723404255319,0.2614814814814815,0.2770387965162312,0.5546031746031747,0.638639798488665,0.1945298094652735
0.3,Cars,DTD,RESISC45,SUN397,SVHN,0.6001741076980475,0.4531914893617021,0.2714814814814815,0.2792557403008709,0.5725396825396826,0.6412594458438288,0.2386293792255685
0.35,Cars,DTD,RESISC45,SUN397,SVHN,0.6071384156199477,0.4579787234042553,0.2855555555555555,0.2815518606492478,0.5838095238095238,0.6422166246851385,0.295059926244622
0.4,Cars,DTD,RESISC45,SUN397,SVHN,0.6150976246735481,0.4622340425531915,0.2922222222222222,0.2844022169437846,0.5957142857142858,0.6418639798488665,0.366279963122311
0.45,Cars,DTD,RESISC45,SUN397,SVHN,0.6206939435393608,0.4680851063829787,0.2866666666666667,0.2863024544734758,0.6058730158730159,0.641360201511335,0.439920098340504
0.5,Cars,DTD,RESISC45,SUN397,SVHN,0.625917174480786,0.4723404255319149,0.2837037037037037,0.28701504354711,0.6117460317460317,0.6397481108312343,0.5069913952059004
0.55,Cars,DTD,RESISC45,SUN397,SVHN,0.628155702027111,0.474468085106383,0.2748148148148148,0.2896278701504354,0.6174603174603175,0.6373299748110831,0.5606177012907191
0.6000000000000001,Cars,DTD,RESISC45,SUN397,SVHN,0.6311404054222112,0.475531914893617,0.2644444444444444,0.2920823436262866,0.6207936507936508,0.6357682619647356,0.5982252612169637
0.65,Cars,DTD,RESISC45,SUN397,SVHN,0.6333789329685362,0.4739361702127659,0.2503703703703703,0.293507521773555,0.6242857142857143,0.6341561712846348,0.6291871542716656
0.7000000000000001,Cars,DTD,RESISC45,SUN397,SVHN,0.6363636363636364,0.4739361702127659,0.2403703703703703,0.294061757719715,0.6266666666666667,0.632191435768262,0.6525814382298709
0.75,Cars,DTD,RESISC45,SUN397,SVHN,0.6363636363636364,0.4718085106382979,0.2314814814814814,0.2943784639746635,0.6257142857142857,0.6290680100755668,0.6698294406883836
0.8,Cars,DTD,RESISC45,SUN397,SVHN,0.6374829001367989,0.4707446808510638,0.2311111111111111,0.2949326999208234,0.6255555555555555,0.6256926952141058,0.6840811309157959
0.8500000000000001,Cars,DTD,RESISC45,SUN397,SVHN,0.6374829001367989,0.4723404255319149,0.227037037037037,0.2957244655581947,0.6241269841269841,0.6226196473551637,0.6977566072526121
0.9,Cars,DTD,RESISC45,SUN397,SVHN,0.6361149110807114,0.4723404255319149,0.2255555555555555,0.2960411718131433,0.6242857142857143,0.6201007556675063,0.7085510141364475
0.95,Cars,DTD,RESISC45,SUN397,SVHN,0.6325083944782988,0.4659574468085106,0.2214814814814814,0.2954077593032462,0.6201587301587301,0.6161209068010075,0.7190381069452981
1.0,Cars,DTD,RESISC45,SUN397,SVHN,0.6295236910831986,0.4648936170212766,0.2207407407407407,0.294061757719715,0.6176190476190476,0.6133501259445844,0.727681315304241
0.0,Cars,EuroSAT,GTSRB,RESISC45,SUN397,0.5365004352692451,0.400531914893617,0.2185185185185185,0.2635787806809184,0.4479365079365079,0.6108816120906801,0.0890826674861708
0.05,Cars,EuroSAT,GTSRB,RESISC45,SUN397,0.5504290511130456,0.4042553191489361,0.2555555555555555,0.283452098178939,0.4742857142857143,0.6178841309823677,0.0940381069452981
0.1,Cars,EuroSAT,GTSRB,RESISC45,SUN397,0.5618704141275961,0.4164893617021276,0.2933333333333333,0.2983372921615201,0.4968253968253968,0.6233249370277079,0.0989551321450522
0.15,Cars,EuroSAT,GTSRB,RESISC45,SUN397,0.573187414500684,0.4196808510638298,0.3392592592592592,0.3106888361045131,0.5161904761904762,0.6302267002518892,0.1032959434542102
0.2,Cars,EuroSAT,GTSRB,RESISC45,SUN397,0.5838826016664594,0.426063829787234,0.4048148148148148,0.3242280285035629,0.5353968253968254,0.6333501259445844,0.1096342962507682
0.25,Cars,EuroSAT,GTSRB,RESISC45,SUN397,0.5935828877005348,0.4308510638297872,0.45,0.3368962787015043,0.552063492063492,0.6353148614609572,0.1155500921942224
0.3,Cars,EuroSAT,GTSRB,RESISC45,SUN397,0.6024126352443726,0.4340425531914894,0.4859259259259259,0.345605700712589,0.5695238095238095,0.6387909319899244,0.1214658881376767
0.35,Cars,EuroSAT,GTSRB,RESISC45,SUN397,0.6080089541101853,0.4329787234042553,0.5151851851851852,0.3558194774346793,0.5828571428571429,0.6411083123425693,0.1273816840811309
0.4,Cars,EuroSAT,GTSRB,RESISC45,SUN397,0.614102723541848,0.4292553191489361,0.5422222222222223,0.3654790182106097,0.5963492063492063,0.6432745591939547,0.1327212661339889
0.45,Cars,EuroSAT,GTSRB,RESISC45,SUN397,0.6208183061808232,0.4308510638297872,0.5651851851851852,0.37458432304038,0.6066666666666667,0.6436775818639798,0.1369852489244007
0.5,Cars,EuroSAT,GTSRB,RESISC45,SUN397,0.626912075612486,0.4281914893617021,0.587037037037037,0.3848772763262074,0.6131746031746032,0.6434760705289673,0.140519360786724
0.55,Cars,EuroSAT,GTSRB,RESISC45,SUN397,0.6300211416490487,0.4313829787234042,0.6074074074074074,0.3907363420427553,0.6195238095238095,0.6421662468513853,0.1433620159803319
0.6000000000000001,Cars,EuroSAT,GTSRB,RESISC45,SUN397,0.6336276582514613,0.4297872340425532,0.6248148148148148,0.3984956452889944,0.6233333333333333,0.6415617128463476,0.1461278426551936
0.65,Cars,EuroSAT,GTSRB,RESISC45,SUN397,0.6363636363636364,0.4303191489361702,0.6325925925925926,0.4054631828978622,0.6233333333333333,0.6415617128463476,0.1478564843269821
0.7000000000000001,Cars,EuroSAT,GTSRB,RESISC45,SUN397,0.6363636363636364,0.4292553191489361,0.6385185185185185,0.4102137767220902,0.6247619047619047,0.6408060453400504,0.1491625691456668
0.75,Cars,EuroSAT,GTSRB,RESISC45,SUN397,0.6361149110807114,0.4308510638297872,0.6451851851851852,0.4159144893111638,0.6265079365079365,0.638639798488665,0.1503149969268592
0.8,Cars,EuroSAT,GTSRB,RESISC45,SUN397,0.6381047133441115,0.4287234042553191,0.6485185185185185,0.4197941409342834,0.6273015873015872,0.636272040302267,0.15119852489244
0.8500000000000001,Cars,EuroSAT,GTSRB,RESISC45,SUN397,0.6371098122124114,0.426063829787234,0.6514814814814814,0.4221694378463975,0.6268253968253968,0.6349118387909319,0.1516979102642901
0.9,Cars,EuroSAT,GTSRB,RESISC45,SUN397,0.6367367242880239,0.4223404255319149,0.6492592592592593,0.4250989707046714,0.6244444444444445,0.6345088161209068,0.1509680393362016
0.95,Cars,EuroSAT,GTSRB,RESISC45,SUN397,0.6344981967416988,0.4175531914893617,0.6455555555555555,0.4257323832145684,0.6195238095238095,0.6330982367758187,0.1503534111862323
1.0,Cars,EuroSAT,GTSRB,RESISC45,SUN397,0.6316378559880612,0.4170212765957446,0.644074074074074,0.4274742676167854,0.6157142857142858,0.6303778337531486,0.1495467117393976
0.0,Cars,EuroSAT,GTSRB,RESISC45,SVHN,0.5365004352692451,0.400531914893617,0.2185185185185185,0.2635787806809184,0.4479365079365079,0.6108816120906801,0.0890826674861708
0.05,Cars,EuroSAT,GTSRB,RESISC45,SVHN,0.5496828752642706,0.4079787234042553,0.2525925925925926,0.2854315122723674,0.4726984126984127,0.6148110831234257,0.1025276582667486
0.1,Cars,EuroSAT,GTSRB,RESISC45,SVHN,0.561372963561746,0.4111702127659574,0.29,0.3026920031670626,0.4952380952380952,0.6174307304785894,0.1206207744314689
0.15,Cars,EuroSAT,GTSRB,RESISC45,SVHN,0.5713219748787465,0.4170212765957446,0.3477777777777778,0.3169437846397466,0.5152380952380953,0.6208564231738035,0.1445912722802704
0.2,Cars,EuroSAT,GTSRB,RESISC45,SVHN,0.5804004477055092,0.4218085106382979,0.4114814814814815,0.3319081551860649,0.5342857142857143,0.623073047858942,0.1748617086662569
0.25,Cars,EuroSAT,GTSRB,RESISC45,SVHN,0.5904738216639721,0.425,0.4514814814814815,0.3429136975455265,0.5512698412698412,0.6239798488664987,0.2158497234173325
0.3,Cars,EuroSAT,GTSRB,RESISC45,SVHN,0.5970650416614849,0.4271276595744681,0.4855555555555556,0.3577197149643705,0.5687301587301588,0.6257430730478589,0.2680547019053472
0.35,Cars,EuroSAT,GTSRB,RESISC45,SVHN,0.6036562616589977,0.4292553191489361,0.5081481481481481,0.3673000791765637,0.5852380952380952,0.6269017632241813,0.3320528580208973
0.4,Cars,EuroSAT,GTSRB,RESISC45,SVHN,0.6080089541101853,0.4313829787234042,0.5285185185185185,0.3780680918448139,0.6025396825396825,0.6277581863979849,0.4000460971112477
0.45,Cars,EuroSAT,GTSRB,RESISC45,SVHN,0.6137296356174605,0.4303191489361702,0.5444444444444444,0.3873317498020586,0.6168253968253968,0.6280100755667506,0.4641979102642901
0.5,Cars,EuroSAT,GTSRB,RESISC45,SVHN,0.6175848775027981,0.4292553191489361,0.5618518518518518,0.3953285827395091,0.6236507936507937,0.6261460957178842,0.5199370006146281
0.55,Cars,EuroSAT,GTSRB,RESISC45,SVHN,0.6228081084442234,0.4292553191489361,0.575925925925926,0.4057007125890736,0.6303174603174603,0.6244332493702771,0.5619622003687769
0.6000000000000001,Cars,EuroSAT,GTSRB,RESISC45,SVHN,0.6256684491978609,0.4287234042553191,0.5911111111111111,0.4131433095803642,0.6365079365079365,0.6221662468513854,0.5916948371235402
0.65,Cars,EuroSAT,GTSRB,RESISC45,SVHN,0.6265389876880985,0.426063829787234,0.6,0.4193190815518606,0.6404761904761904,0.6205037783375315,0.6159342347879533
0.7000000000000001,Cars,EuroSAT,GTSRB,RESISC45,SVHN,0.626663350329561,0.4218085106382979,0.6014814814814815,0.4235946159936659,0.6425396825396825,0.6189420654911839,0.635179778733866
0.75,Cars,EuroSAT,GTSRB,RESISC45,SVHN,0.6287775152344236,0.4212765957446808,0.5940740740740741,0.4292953285827395,0.6392063492063492,0.6164231738035264,0.6494698832206515
0.8,Cars,EuroSAT,GTSRB,RESISC45,SVHN,0.6307673174978237,0.4186170212765957,0.5659259259259259,0.4325415676959619,0.6384126984126984,0.6128463476070529,0.6594575906576521
0.8500000000000001,Cars,EuroSAT,GTSRB,RESISC45,SVHN,0.6310160427807486,0.4164893617021276,0.5522222222222222,0.4341250989707046,0.6361904761904762,0.6100251889168766,0.6685617701290719
0.9,Cars,EuroSAT,GTSRB,RESISC45,SVHN,0.6307673174978237,0.4069148936170212,0.5448148148148149,0.4333333333333333,0.6349206349206349,0.6080604534005037,0.6740550092194223
0.95,Cars,EuroSAT,GTSRB,RESISC45,SVHN,0.6296480537246611,0.400531914893617,0.532962962962963,0.4333333333333333,0.6295238095238095,0.60272040302267,0.6783958205285802
1.0,Cars,EuroSAT,GTSRB,RESISC45,SVHN,0.6287775152344236,0.3957446808510638,0.5285185185185185,0.4335708630245447,0.626984126984127,0.597984886649874,0.6813153042409342
0.0,Cars,EuroSAT,GTSRB,SUN397,SVHN,0.5365004352692451,0.400531914893617,0.21851851851851853,0.26357878068091845,0.4479365079365079,0.6108816120906801,0.08908266748617087
0.1,Cars,EuroSAT,GTSRB,SUN397,SVHN,0.5609998756373585,0.41117021276595744,0.2866666666666667,0.30546318289786223,0.4738095238095238,0.6215617128463476,0.12042870313460356
0.2,Cars,EuroSAT,GTSRB,SUN397,SVHN,0.5832607884591469,0.4228723404255319,0.39666666666666667,0.3348376880443389,0.4946031746031746,0.6314357682619647,0.17463122311001844
0.30000000000000004,Cars,EuroSAT,GTSRB,SUN397,SVHN,0.5986817560004974,0.4297872340425532,0.4696296296296296,0.35732383214568486,0.5092063492063492,0.636272040302267,0.26436693300553166
0.4,Cars,EuroSAT,GTSRB,SUN397,SVHN,0.6111180201467479,0.42659574468085104,0.5059259259259259,0.3782264449722882,0.5192063492063492,0.640654911838791,0.3858328211432084
0.5,Cars,EuroSAT,GTSRB,SUN397,SVHN,0.6190772292003482,0.4297872340425532,0.5392592592592592,0.39564528899445767,0.5282539682539683,0.6428211586901763,0.5016518131530424
0.6000000000000001,Cars,EuroSAT,GTSRB,SUN397,SVHN,0.626663350329561,0.43031914893617024,0.5737037037037037,0.4119556611243072,0.5357142857142857,0.6437783375314862,0.5737553779963123
0.7000000000000001,Cars,EuroSAT,GTSRB,SUN397,SVHN,0.6308916801392862,0.42925531914893617,0.5925925925925926,0.42311955661124306,0.539047619047619,0.6439294710327456,0.6202750460971113
0.8,Cars,EuroSAT,GTSRB,SUN397,SVHN,0.6364879990050989,0.4276595744680851,0.6066666666666667,0.4304038004750594,0.5414285714285715,0.6431738035264484,0.6486631837738168
0.9,Cars,EuroSAT,GTSRB,SUN397,SVHN,0.6369854495709489,0.42659574468085104,0.61,0.4360253365003959,0.5387301587301587,0.6398488664987405,0.6646435156730178
1.0,Cars,EuroSAT,GTSRB,SUN397,SVHN,0.6357418231563239,0.42127659574468085,0.5607407407407408,0.43942992874109266,0.5371428571428571,0.6367254408060453,0.6749385371850031
0.0,Cars,EuroSAT,RESISC45,SUN397,SVHN,0.5365004352692451,0.400531914893617,0.21851851851851853,0.26357878068091845,0.4479365079365079,0.6108816120906801,0.08908266748617087
0.1,Cars,EuroSAT,RESISC45,SUN397,SVHN,0.5612486009202835,0.4127659574468085,0.2948148148148148,0.2726049089469517,0.4980952380952381,0.6228715365239295,0.11689459127228027
0.2,Cars,EuroSAT,RESISC45,SUN397,SVHN,0.5851262280810844,0.423936170212766,0.41555555555555557,0.2773555027711797,0.5374603174603174,0.6332493702770781,0.16264597418561771
0.30000000000000004,Cars,EuroSAT,RESISC45,SUN397,SVHN,0.6015420967541351,0.4276595744680851,0.47962962962962963,0.2840855106888361,0.5704761904761905,0.6385894206549119,0.2440842040565458
0.4,Cars,EuroSAT,RESISC45,SUN397,SVHN,0.6152219873150105,0.42819148936170215,0.5281481481481481,0.2857482185273159,0.5966666666666667,0.6414609571788413,0.36435925015365705
0.5,Cars,EuroSAT,RESISC45,SUN397,SVHN,0.6260415371222485,0.42925531914893617,0.5637037037037037,0.2861441013460016,0.6139682539682539,0.6418639798488665,0.4862861094038107
0.6000000000000001,Cars,EuroSAT,RESISC45,SUN397,SVHN,0.6335032956099987,0.42340425531914894,0.5937037037037037,0.2854315122723674,0.6246031746031746,0.6402518891687657,0.5694529809465273
0.7000000000000001,Cars,EuroSAT,RESISC45,SUN397,SVHN,0.6381047133441115,0.423936170212766,0.6192592592592593,0.286381631037213,0.6287301587301587,0.6381863979848866,0.6239628149969269
0.8,Cars,EuroSAT,RESISC45,SUN397,SVHN,0.6386021639099615,0.42021276595744683,0.6277777777777778,0.28471892319873315,0.6277777777777778,0.633904282115869,0.6589197910264291
0.9,Cars,EuroSAT,RESISC45,SUN397,SVHN,0.6361149110807114,0.41702127659574467,0.6240740740740741,0.28297703879651626,0.6249206349206349,0.6283627204030227,0.6798939766441303
1.0,Cars,EuroSAT,RESISC45,SUN397,SVHN,0.6317622186295236,0.41808510638297874,0.5681481481481482,0.2801266825019794,0.6203174603174603,0.6220151133501259,0.6920712968653965
0.0,Cars,GTSRB,RESISC45,SUN397,SVHN,0.5365004352692451,0.400531914893617,0.21851851851851853,0.26357878068091845,0.4479365079365079,0.6108816120906801,0.08908266748617087
0.1,Cars,GTSRB,RESISC45,SUN397,SVHN,0.5628653152592961,0.41117021276595744,0.2325925925925926,0.3,0.496984126984127,0.6229722921914358,0.12192685925015366
0.2,Cars,GTSRB,RESISC45,SUN397,SVHN,0.5831364258176843,0.4218085106382979,0.24962962962962962,0.3285827395091053,0.5373015873015873,0.633551637279597,0.17854947756607253
0.30000000000000004,Cars,GTSRB,RESISC45,SUN397,SVHN,0.600547195622435,0.4271276595744681,0.27444444444444444,0.3575613618368963,0.5701587301587302,0.6390931989924433,0.2724339274738783
0.4,Cars,GTSRB,RESISC45,SUN397,SVHN,0.6134809103345356,0.42446808510638295,0.2822222222222222,0.3806017418844022,0.5995238095238096,0.6420654911838791,0.40988014751075597
0.5,Cars,GTSRB,RESISC45,SUN397,SVHN,0.6231811963686109,0.42925531914893617,0.2851851851851852,0.3979414093428345,0.623015873015873,0.6419143576826196,0.5434849416103258
0.6000000000000001,Cars,GTSRB,RESISC45,SUN397,SVHN,0.6287775152344236,0.42340425531914894,0.27555555555555555,0.4145684877276326,0.6361904761904762,0.6397984886649875,0.6242701290719115
0.7000000000000001,Cars,GTSRB,RESISC45,SUN397,SVHN,0.6351200099490113,0.42127659574468085,0.26296296296296295,0.42802850356294536,0.6368253968253968,0.6361712846347607,0.6709050399508297
0.8,Cars,GTSRB,RESISC45,SUN397,SVHN,0.6348712846660863,0.41595744680851066,0.25222222222222224,0.4384006334125099,0.6387301587301587,0.6341561712846348,0.6982559926244623
0.9,Cars,GTSRB,RESISC45,SUN397,SVHN,0.6352443725904738,0.40585106382978725,0.24703703703703703,0.44790182106096593,0.6341269841269841,0.6251385390428211,0.7162338660110633
1.0,Cars,GTSRB,RESISC45,SUN397,SVHN,0.6332545703270738,0.3904255319148936,0.24185185185185185,0.45376088677751386,0.6303174603174603,0.6173803526448363,0.7277581438229871
0.0,DTD,EuroSAT,GTSRB,RESISC45,SUN397,0.5365004352692451,0.400531914893617,0.21851851851851853,0.26357878068091845,0.4479365079365079,0.6108816120906801,0.08908266748617087
0.1,DTD,EuroSAT,GTSRB,RESISC45,SUN397,0.545578908096008,0.42446808510638295,0.28703703703703703,0.3,0.4976190476190476,0.6229219143576826,0.0992240319606638
0.2,DTD,EuroSAT,GTSRB,RESISC45,SUN397,0.5522944907349832,0.4425531914893617,0.3962962962962963,0.3261282660332542,0.5347619047619048,0.6317884130982367,0.11044099569760295
0.30000000000000004,DTD,EuroSAT,GTSRB,RESISC45,SUN397,0.5545330182813083,0.45904255319148934,0.47703703703703704,0.35003958828186854,0.5684126984126984,0.6368765743073048,0.1229640442532268
0.4,DTD,EuroSAT,GTSRB,RESISC45,SUN397,0.5568959084690959,0.46914893617021275,0.532962962962963,0.3673792557403009,0.5925396825396826,0.6398992443324937,0.1342578365089121
0.5,DTD,EuroSAT,GTSRB,RESISC45,SUN397,0.5565228205447084,0.475531914893617,0.5722222222222222,0.38646080760095014,0.6055555555555555,0.6413098236775818,0.14301628764597418
0.6000000000000001,DTD,EuroSAT,GTSRB,RESISC45,SUN397,0.5540355677154583,0.48138297872340424,0.597037037037037,0.40007917656373715,0.611904761904762,0.6375314861460957,0.1487015980331899
0.7000000000000001,DTD,EuroSAT,GTSRB,RESISC45,SUN397,0.5544086556398458,0.4776595744680851,0.6137037037037038,0.4123515439429929,0.6138095238095238,0.6339546599496222,0.15185156730178243
0.8,DTD,EuroSAT,GTSRB,RESISC45,SUN397,0.5486879741325705,0.475,0.6218518518518519,0.41789390340459226,0.6128571428571429,0.6305793450881612,0.1537338660110633
0.9,DTD,EuroSAT,GTSRB,RESISC45,SUN397,0.5429672926252953,0.46914893617021275,0.6222222222222222,0.42264449722882025,0.6107936507936508,0.6261460957178842,0.15323448063921327
1.0,DTD,EuroSAT,GTSRB,RESISC45,SUN397,0.5372466111180202,0.4627659574468085,0.6125925925925926,0.42652414885193984,0.6066666666666667,0.6204030226700252,0.15238936693300553
0.0,DTD,EuroSAT,GTSRB,RESISC45,SVHN,0.5365004352692451,0.400531914893617,0.21851851851851853,0.26357878068091845,0.4479365079365079,0.6108816120906801,0.08908266748617087
0.1,DTD,EuroSAT,GTSRB,RESISC45,SVHN,0.5448327322472329,0.4228723404255319,0.28555555555555556,0.3038796516231196,0.4942857142857143,0.6170780856423174,0.12077443146896127
0.2,DTD,EuroSAT,GTSRB,RESISC45,SVHN,0.5498072379057332,0.4398936170212766,0.39925925925925926,0.33380839271575613,0.5349206349206349,0.6224181360201512,0.1761677934849416
0.30000000000000004,DTD,EuroSAT,GTSRB,RESISC45,SVHN,0.5531650292252207,0.4553191489361702,0.47333333333333333,0.3578780680918448,0.5677777777777778,0.6231738035264484,0.27519975414874004
0.4,DTD,EuroSAT,GTSRB,RESISC45,SVHN,0.5517970401691332,0.46861702127659577,0.5111111111111111,0.38234362628661916,0.5993650793650793,0.6228211586901763,0.4104179471419791
0.5,DTD,EuroSAT,GTSRB,RESISC45,SVHN,0.5524188533764457,0.46808510638297873,0.5377777777777778,0.40007917656373715,0.6141269841269841,0.6181863979848866,0.5308850645359557
0.6000000000000001,DTD,EuroSAT,GTSRB,RESISC45,SVHN,0.5520457654520582,0.4675531914893617,0.5648148148148148,0.4117181314330958,0.62,0.613249370277078,0.6034111862323295
0.7000000000000001,DTD,EuroSAT,GTSRB,RESISC45,SVHN,0.5466981718691705,0.45797872340425533,0.5685185185185185,0.42114014251781473,0.6220634920634921,0.6063476070528967,0.6432467732022127
0.8,DTD,EuroSAT,GTSRB,RESISC45,SVHN,0.544584006964308,0.44893617021276594,0.5266666666666666,0.4240696753760887,0.6198412698412699,0.5964735516372796,0.6652965580823602
0.9,DTD,EuroSAT,GTSRB,RESISC45,SVHN,0.5347593582887701,0.4430851063829787,0.5074074074074074,0.4255740300870942,0.6133333333333333,0.5867002518891687,0.6765903503380455
1.0,DTD,EuroSAT,GTSRB,RESISC45,SVHN,0.5270488745180948,0.4329787234042553,0.5040740740740741,0.42866191607284243,0.6058730158730159,0.5767758186397985,0.6845036877688998
0.0,DTD,EuroSAT,GTSRB,SUN397,SVHN,0.5365004352692451,0.400531914893617,0.21851851851851853,0.26357878068091845,0.4479365079365079,0.6108816120906801,0.08908266748617087
0.1,DTD,EuroSAT,GTSRB,SUN397,SVHN,0.5448327322472329,0.4223404255319149,0.2833333333333333,0.3068091844813935,0.47365079365079366,0.6212090680100756,0.1205439459127228
0.2,DTD,EuroSAT,GTSRB,SUN397,SVHN,0.5508021390374331,0.4377659574468085,0.38666666666666666,0.3360253365003959,0.4946031746031746,0.6300755667506297,0.17555316533497234
0.30000000000000004,DTD,EuroSAT,GTSRB,SUN397,SVHN,0.5541599303569208,0.4542553191489362,0.45740740740740743,0.3586698337292161,0.508095238095238,0.6349622166246851,0.26970651505838966
0.4,DTD,EuroSAT,GTSRB,SUN397,SVHN,0.5581395348837209,0.4622340425531915,0.49296296296296294,0.37743467933491687,0.5177777777777778,0.639647355163728,0.3985479409956976
0.5,DTD,EuroSAT,GTSRB,SUN397,SVHN,0.559383161298346,0.47127659574468084,0.5174074074074074,0.3937450514647664,0.5266666666666666,0.6403022670025189,0.5144053472649047
0.6000000000000001,DTD,EuroSAT,GTSRB,SUN397,SVHN,0.5587613480910335,0.47606382978723405,0.5385185185185185,0.40799683293745054,0.5292063492063492,0.6398488664987405,0.5880070682237246
0.7000000000000001,DTD,EuroSAT,GTSRB,SUN397,SVHN,0.5577664469593334,0.4734042553191489,0.5581481481481482,0.41631037212984956,0.5287301587301587,0.6373803526448363,0.6347188076213891
0.8,DTD,EuroSAT,GTSRB,SUN397,SVHN,0.5539112050739958,0.47393617021276596,0.5666666666666667,0.4225653206650831,0.5292063492063492,0.6341057934508816,0.6627228027043639
0.9,DTD,EuroSAT,GTSRB,SUN397,SVHN,0.549061062056958,0.4728723404255319,0.5666666666666667,0.42636579572446553,0.5284126984126984,0.6306297229219143,0.6781653349723418
1.0,DTD,EuroSAT,GTSRB,SUN397,SVHN,0.5419723914935953,0.46914893617021275,0.5196296296296297,0.43143309580364214,0.523968253968254,0.6272544080604534,0.6882298709280885
0.0,DTD,EuroSAT,RESISC45,SUN397,SVHN,0.5365004352692451,0.400531914893617,0.21851851851851853,0.26357878068091845,0.4479365079365079,0.6108816120906801,0.08908266748617087
0.1,DTD,EuroSAT,RESISC45,SUN397,SVHN,0.5454545454545454,0.42446808510638295,0.29444444444444445,0.27490102929532856,0.49857142857142855,0.6232745591939547,0.1172019053472649
0.2,DTD,EuroSAT,RESISC45,SUN397,SVHN,0.5525432160179082,0.4452127659574468,0.4062962962962963,0.27925574030087097,0.5388888888888889,0.6320403022670025,0.16318377381684082
0.30000000000000004,DTD,EuroSAT,RESISC45,SUN397,SVHN,0.5566471831861709,0.45585106382978724,0.4759259259259259,0.2849564528899446,0.5712698412698413,0.6366750629722921,0.24677320221266133
0.4,DTD,EuroSAT,RESISC45,SUN397,SVHN,0.5603780624300461,0.4664893617021277,0.5151851851851852,0.2876484560570071,0.5911111111111111,0.6398992443324937,0.3735786724031961
0.5,DTD,EuroSAT,RESISC45,SUN397,SVHN,0.560129337147121,0.4718085106382979,0.5485185185185185,0.28780680918448137,0.6063492063492063,0.6387909319899244,0.4979640442532268
0.6000000000000001,DTD,EuroSAT,RESISC45,SUN397,SVHN,0.5611242382788211,0.47127659574468084,0.5796296296296296,0.28725257323832143,0.6149206349206349,0.6365239294710328,0.5825522433927474
0.7000000000000001,DTD,EuroSAT,RESISC45,SUN397,SVHN,0.5580151722422584,0.4723404255319149,0.597037037037037,0.28772763262074424,0.6195238095238095,0.6316876574307305,0.6365242778119238
0.8,DTD,EuroSAT,RESISC45,SUN397,SVHN,0.5522944907349832,0.46861702127659577,0.6022222222222222,0.28772763262074424,0.6180952380952381,0.6275566750629723,0.6683312845728334
0.9,DTD,EuroSAT,RESISC45,SUN397,SVHN,0.545578908096008,0.46595744680851064,0.6014814814814815,0.2843230403800475,0.6139682539682539,0.6216624685138539,0.6904578979717271
1.0,DTD,EuroSAT,RESISC45,SUN397,SVHN,0.5402313145131202,0.4574468085106383,0.5674074074074074,0.2836104513064133,0.6085714285714285,0.615919395465995,0.702980946527351
0.0,DTD,GTSRB,RESISC45,SUN397,SVHN,0.5365004352692451,0.400531914893617,0.21851851851851853,0.26357878068091845,0.4479365079365079,0.6108816120906801,0.08908266748617087
0.1,DTD,GTSRB,RESISC45,SUN397,SVHN,0.5454545454545454,0.42340425531914894,0.22740740740740742,0.30134600158353125,0.49666666666666665,0.6231234256926952,0.12234941610325753
0.2,DTD,GTSRB,RESISC45,SUN397,SVHN,0.5505534137545082,0.4398936170212766,0.24444444444444444,0.33008709422011084,0.5363492063492064,0.6325944584382871,0.17958666256914566
0.30000000000000004,DTD,GTSRB,RESISC45,SUN397,SVHN,0.5560253699788583,0.45585106382978724,0.26037037037037036,0.3613618368962787,0.5707936507936507,0.6391435768261965,0.27896435156730176
0.4,DTD,GTSRB,RESISC45,SUN397,SVHN,0.5560253699788583,0.4648936170212766,0.27037037037037037,0.3821060965954078,0.5980952380952381,0.640654911838791,0.42198063921327594
0.5,DTD,GTSRB,RESISC45,SUN397,SVHN,0.5552791941300833,0.47074468085106386,0.2677777777777778,0.40110847189231985,0.6179365079365079,0.637632241813602,0.5526659496004918
0.6000000000000001,DTD,GTSRB,RESISC45,SUN397,SVHN,0.5546573809227708,0.46595744680851064,0.25407407407407406,0.4154394299287411,0.628095238095238,0.6356171284634761,0.6324523663183774
0.7000000000000001,DTD,GTSRB,RESISC45,SUN397,SVHN,0.5516726775276707,0.45585106382978724,0.2477777777777778,0.427790973871734,0.6320634920634921,0.6326448362720403,0.6769360786724032
0.8,DTD,GTSRB,RESISC45,SUN397,SVHN,0.546573809227708,0.44893617021276594,0.23925925925925925,0.438479809976247,0.6306349206349207,0.6286146095717884,0.7040949600491703
0.9,DTD,GTSRB,RESISC45,SUN397,SVHN,0.5430916552667578,0.43563829787234043,0.2337037037037037,0.44806017418844024,0.6304761904761905,0.6205037783375315,0.7218039336201598
1.0,DTD,GTSRB,RESISC45,SUN397,SVHN,0.5366247979107076,0.42606382978723406,0.23185185185185186,0.4547901821060966,0.6250793650793651,0.6114357682619648,0.7324446834665027
0.0,EuroSAT,GTSRB,RESISC45,SUN397,SVHN,0.5365004352692451,0.400531914893617,0.21851851851851853,0.26357878068091845,0.4479365079365079,0.6108816120906801,0.08908266748617087
0.1,EuroSAT,GTSRB,RESISC45,SUN397,SVHN,0.5452058201716204,0.41436170212765955,0.2922222222222222,0.3020585906571655,0.49682539682539684,0.6218136020151134,0.122579901659496
0.2,EuroSAT,GTSRB,RESISC45,SUN397,SVHN,0.5501803258301207,0.4228723404255319,0.41185185185185186,0.3306413301662708,0.5358730158730158,0.6303274559193954,0.18054701905347265
0.30000000000000004,EuroSAT,GTSRB,RESISC45,SUN397,SVHN,0.5551548314886208,0.4308510638297872,0.48333333333333334,0.353840063341251,0.5696825396825397,0.6348110831234257,0.27696681007990165
0.4,EuroSAT,GTSRB,RESISC45,SUN397,SVHN,0.5565228205447084,0.43351063829787234,0.5237037037037037,0.37474267616785434,0.6019047619047619,0.6372292191435768,0.40711432083589427
0.5,EuroSAT,GTSRB,RESISC45,SUN397,SVHN,0.5583882601666459,0.43138297872340425,0.5614814814814815,0.3915281076801267,0.6188888888888889,0.6371788413098237,0.5232406269207129
0.6000000000000001,EuroSAT,GTSRB,RESISC45,SUN397,SVHN,0.5585126228081084,0.4271276595744681,0.5966666666666667,0.405938242280285,0.6274603174603175,0.6377833753148615,0.593000921942225
0.7000000000000001,EuroSAT,GTSRB,RESISC45,SUN397,SVHN,0.5562740952617834,0.42127659574468085,0.6085185185185186,0.4157561361836896,0.6303174603174603,0.6372292191435768,0.6349492931776275
0.8,EuroSAT,GTSRB,RESISC45,SUN397,SVHN,0.5535381171496082,0.4186170212765957,0.5785185185185185,0.4216943784639747,0.6319047619047619,0.6355667506297229,0.6603027043638598
0.9,EuroSAT,GTSRB,RESISC45,SUN397,SVHN,0.5493097873398831,0.4122340425531915,0.5492592592592592,0.42612826603325415,0.6279365079365079,0.6315869017632242,0.6740550092194223
1.0,EuroSAT,GTSRB,RESISC45,SUN397,SVHN,0.5449570948886955,0.40106382978723404,0.5311111111111111,0.42913697545526525,0.6228571428571429,0.6269521410579345,0.6794714197910264
